song_id|song_name|theme|suggested_cu_id|subject|lesson_topic|relevance|teacher_rationale
14|All around the Kitchen|Cultural & Folk, Food & Cooking, Water & Sea|CU#226|Language & Vocabulary|Describe people, places, things, events with relevant details (Gr 1)|secondary|Song about water/sea — practice descriptive language
14|All around the Kitchen|Cultural & Folk, Food & Cooking, Water & Sea|CU#256|Science & Nature|Evidence that Earth events can occur quickly or slowly (Gr 2)|secondary|Water/sea song — connects to Earth events
14|All around the Kitchen|Cultural & Folk, Food & Cooking, Water & Sea|CU#257|Science & Nature|Processes that shape the Earth - wind/water changing land (Gr 2)|primary|Water/sea song — connects to water shaping the land
15|Face Tickles|Body Parts|CU#219|Gross Motor & Movement|Balance and body control (static and moving) (Gr 1-2)|primary|Body parts song — connects to body awareness and control
15|Face Tickles|Body Parts|CU#221|Gross Motor & Movement|Moving to rhythm and tempo (Gr 1-2)|secondary|Body parts song — often sung with rhythmic movements
15|Face Tickles|Body Parts|CU#222|Gross Motor & Movement|Following multi-step movement directions / spatial awareness (Gr 1-2)|secondary|Body parts song — follows directions to move specific body parts
38|Toe Titley|Body Parts|CU#219|Gross Motor & Movement|Balance and body control (static and moving) (Gr 1-2)|primary|Body parts song — connects to body awareness and control
38|Toe Titley|Body Parts|CU#221|Gross Motor & Movement|Moving to rhythm and tempo (Gr 1-2)|secondary|Body parts song — often sung with rhythmic movements
38|Toe Titley|Body Parts|CU#222|Gross Motor & Movement|Following multi-step movement directions / spatial awareness (Gr 1-2)|secondary|Body parts song — follows directions to move specific body parts
39|Hey Ho Little Fish|Animals|CU#226|Language & Vocabulary|Describe people, places, things, events with relevant details (Gr 1)|secondary|Song about animals — practice describing animals with details
39|Hey Ho Little Fish|Animals|CU#248|Science & Nature|Plant/animal structures that help survival (Gr 1)|primary|Animal song — connects to animal structures and their functions
39|Hey Ho Little Fish|Animals|CU#253|Science & Nature|Habitats and Biodiversity (Gr 2)|secondary|Animal song — connects to where animals live (habitats)
45|Little Brass Wagon|Transportation|CU#226|Language & Vocabulary|Describe people, places, things, events with relevant details (Gr 1)|primary|Transportation song — practice describing vehicles and travel
55|Jack Jingle|Music & Instruments, Numbers & Counting|CU#210|Routines & Transitions|Following 2-3 step verbal directions (Gr 1-2)|secondary|Instrument song — following directions to play/move instruments
55|Jack Jingle|Music & Instruments, Numbers & Counting|CU#221|Gross Motor & Movement|Moving to rhythm and tempo (Gr 1-2)|secondary|Music song — connects to rhythm and steady beat
55|Jack Jingle|Music & Instruments, Numbers & Counting|CU#240|Science & Nature|Sound and Vibrating Materials (Gr 1)|primary|Music/instrument song — connects to how instruments make sound
58|Catch her Crow / Way up High in an Apple Tree|Animals, Nature & Plants|CU#226|Language & Vocabulary|Describe people, places, things, events with relevant details (Gr 1)|secondary|Song about animals — practice describing animals with details
58|Catch her Crow / Way up High in an Apple Tree|Animals, Nature & Plants|CU#248|Science & Nature|Plant/animal structures that help survival (Gr 1)|primary|Farm/bird song — connects to animal structures and survival
58|Catch her Crow / Way up High in an Apple Tree|Animals, Nature & Plants|CU#251|Science & Nature|Environmental Plant Needs (Gr 2)|primary|Garden/planting song — connects to what plants need to grow
58|Catch her Crow / Way up High in an Apple Tree|Animals, Nature & Plants|CU#252|Science & Nature|Seed Dispersal and Pollination (Gr 2)|secondary|Bee/bird song — connects to pollination and seed dispersal
58|Catch her Crow / Way up High in an Apple Tree|Animals, Nature & Plants|CU#253|Science & Nature|Habitats and Biodiversity (Gr 2)|secondary|Nature song — connects to habitats and biodiversity
60|On my Toe there is a flea|Body Parts|CU#219|Gross Motor & Movement|Balance and body control (static and moving) (Gr 1-2)|primary|Body parts song — connects to body awareness and control
60|On my Toe there is a flea|Body Parts|CU#221|Gross Motor & Movement|Moving to rhythm and tempo (Gr 1-2)|secondary|Body parts song — often sung with rhythmic movements
60|On my Toe there is a flea|Body Parts|CU#222|Gross Motor & Movement|Following multi-step movement directions / spatial awareness (Gr 1-2)|secondary|Body parts song — follows directions to move specific body parts
65|London Hill|Nature & Plants|CU#248|Science & Nature|Plant/animal structures that help survival (Gr 1)|secondary|Nature song — connects to plant structures
65|London Hill|Nature & Plants|CU#251|Science & Nature|Environmental Plant Needs (Gr 2)|secondary|Nature song — connects to plant needs and growth
65|London Hill|Nature & Plants|CU#253|Science & Nature|Habitats and Biodiversity (Gr 2)|secondary|Nature song — connects to habitats and biodiversity
65|London Hill|Nature & Plants|CU#257|Science & Nature|Processes that shape the Earth - wind/water changing land (Gr 2)|secondary|Landscape song — connects to Earth surface processes
68|Walk Daniel |Cultural & Folk, Dance & Movement, Water & Sea|CU#218|Gross Motor & Movement|Locomotor skills: running, jumping, hopping, skipping (Gr 1-2)|secondary|Movement song — connects to locomotor skills
68|Walk Daniel |Cultural & Folk, Dance & Movement, Water & Sea|CU#219|Gross Motor & Movement|Balance and body control (static and moving) (Gr 1-2)|secondary|Movement song — connects to body control
68|Walk Daniel |Cultural & Folk, Dance & Movement, Water & Sea|CU#222|Gross Motor & Movement|Following multi-step movement directions / spatial awareness (Gr 1-2)|secondary|Movement song — connects to following movement directions
68|Walk Daniel |Cultural & Folk, Dance & Movement, Water & Sea|CU#226|Language & Vocabulary|Describe people, places, things, events with relevant details (Gr 1)|secondary|Song about water/sea — practice descriptive language
68|Walk Daniel |Cultural & Folk, Dance & Movement, Water & Sea|CU#256|Science & Nature|Evidence that Earth events can occur quickly or slowly (Gr 2)|secondary|Water/sea song — connects to Earth events
68|Walk Daniel |Cultural & Folk, Dance & Movement, Water & Sea|CU#257|Science & Nature|Processes that shape the Earth - wind/water changing land (Gr 2)|primary|Water/sea song — connects to water shaping the land
70|Chop-Nose Day|Body Parts|CU#219|Gross Motor & Movement|Balance and body control (static and moving) (Gr 1-2)|primary|Body parts song — connects to body awareness and control
70|Chop-Nose Day|Body Parts|CU#221|Gross Motor & Movement|Moving to rhythm and tempo (Gr 1-2)|secondary|Body parts song — often sung with rhythmic movements
70|Chop-Nose Day|Body Parts|CU#222|Gross Motor & Movement|Following multi-step movement directions / spatial awareness (Gr 1-2)|secondary|Body parts song — follows directions to move specific body parts
73|See saw Marjorie Daw / See Saw Sacradown|Dance & Movement|CU#219|Gross Motor & Movement|Balance and body control (static and moving) (Gr 1-2)|secondary|Movement song — connects to body control
73|See saw Marjorie Daw / See Saw Sacradown|Dance & Movement|CU#221|Gross Motor & Movement|Moving to rhythm and tempo (Gr 1-2)|primary|Dance/movement song — connects to moving with rhythm
73|See saw Marjorie Daw / See Saw Sacradown|Dance & Movement|CU#222|Gross Motor & Movement|Following multi-step movement directions / spatial awareness (Gr 1-2)|secondary|Movement song — connects to following movement directions
77|My Pony Boy |Animals, Transportation|CU#226|Language & Vocabulary|Describe people, places, things, events with relevant details (Gr 1)|secondary|Song about animals — practice describing animals with details
77|My Pony Boy |Animals, Transportation|CU#248|Science & Nature|Plant/animal structures that help survival (Gr 1)|primary|Animal song — connects to animal structures and their functions
77|My Pony Boy |Animals, Transportation|CU#253|Science & Nature|Habitats and Biodiversity (Gr 2)|secondary|Animal song — connects to where animals live (habitats)
79|Won't You Plant Your Seeds With Care|Nature & Plants|CU#248|Science & Nature|Plant/animal structures that help survival (Gr 1)|secondary|Nature song — connects to plant structures
79|Won't You Plant Your Seeds With Care|Nature & Plants|CU#251|Science & Nature|Environmental Plant Needs (Gr 2)|primary|Garden/planting song — connects to what plants need to grow
79|Won't You Plant Your Seeds With Care|Nature & Plants|CU#252|Science & Nature|Seed Dispersal and Pollination (Gr 2)|secondary|Garden/planting song — connects to how plants reproduce
79|Won't You Plant Your Seeds With Care|Nature & Plants|CU#253|Science & Nature|Habitats and Biodiversity (Gr 2)|secondary|Nature song — connects to habitats and biodiversity
80|5 Little Peas / Oats and Beans|Nature & Plants|CU#248|Science & Nature|Plant/animal structures that help survival (Gr 1)|secondary|Nature song — connects to plant structures
80|5 Little Peas / Oats and Beans|Nature & Plants|CU#251|Science & Nature|Environmental Plant Needs (Gr 2)|secondary|Nature song — connects to plant needs and growth
80|5 Little Peas / Oats and Beans|Nature & Plants|CU#253|Science & Nature|Habitats and Biodiversity (Gr 2)|secondary|Nature song — connects to habitats and biodiversity
86|Knees Up Mary Muffet |Dance & Movement|CU#219|Gross Motor & Movement|Balance and body control (static and moving) (Gr 1-2)|secondary|Movement song — connects to body control
86|Knees Up Mary Muffet |Dance & Movement|CU#221|Gross Motor & Movement|Moving to rhythm and tempo (Gr 1-2)|primary|Dance/movement song — connects to moving with rhythm
86|Knees Up Mary Muffet |Dance & Movement|CU#222|Gross Motor & Movement|Following multi-step movement directions / spatial awareness (Gr 1-2)|secondary|Movement song — connects to following movement directions
88|The Train Wheels are Rolling|Seasons & Weather, Transportation, Water & Sea|CU#190|Literacy & Phonics|Identify main topic and key details of informational text (Gr 2)|secondary|Transportation song — practice identifying main ideas about vehicles
88|The Train Wheels are Rolling|Seasons & Weather, Transportation, Water & Sea|CU#226|Language & Vocabulary|Describe people, places, things, events with relevant details (Gr 1)|secondary|Song about water/sea — practice descriptive language
88|The Train Wheels are Rolling|Seasons & Weather, Transportation, Water & Sea|CU#255|Science & Nature|Seasonal Sunlight patterns (sunrise/sunset) (Gr 1)|primary|Seasons song — connects to seasonal patterns
88|The Train Wheels are Rolling|Seasons & Weather, Transportation, Water & Sea|CU#256|Science & Nature|Evidence that Earth events can occur quickly or slowly (Gr 2)|secondary|Seasons/weather song — connects to rates of Earth events
88|The Train Wheels are Rolling|Seasons & Weather, Transportation, Water & Sea|CU#257|Science & Nature|Processes that shape the Earth - wind/water changing land (Gr 2)|primary|Water/sea song — connects to water shaping the land
89|Here is The Little Boy|Seasons & Weather, Transportation, Water & Sea|CU#226|Language & Vocabulary|Describe people, places, things, events with relevant details (Gr 1)|secondary|Song about water/sea — practice descriptive language
89|Here is The Little Boy|Seasons & Weather, Transportation, Water & Sea|CU#255|Science & Nature|Seasonal Sunlight patterns (sunrise/sunset) (Gr 1)|primary|Seasons song — connects to seasonal patterns
89|Here is The Little Boy|Seasons & Weather, Transportation, Water & Sea|CU#256|Science & Nature|Evidence that Earth events can occur quickly or slowly (Gr 2)|secondary|Seasons/weather song — connects to rates of Earth events
89|Here is The Little Boy|Seasons & Weather, Transportation, Water & Sea|CU#257|Science & Nature|Processes that shape the Earth - wind/water changing land (Gr 2)|primary|Water/sea song — connects to water shaping the land
90|Morningtown Ride|Transportation|CU#222|Gross Motor & Movement|Following multi-step movement directions / spatial awareness (Gr 1-2)|secondary|Movement song about vehicles — spatial and directional awareness
90|Morningtown Ride|Transportation|CU#226|Language & Vocabulary|Describe people, places, things, events with relevant details (Gr 1)|primary|Transportation song — practice describing vehicles and travel
92|There Was a Little Mouse/ Mouse and Cheese / Little mice go creeping|Animals|CU#226|Language & Vocabulary|Describe people, places, things, events with relevant details (Gr 1)|secondary|Song about animals — practice describing animals with details
92|There Was a Little Mouse/ Mouse and Cheese / Little mice go creeping|Animals|CU#250|Science & Nature|Plant and Animal Structures - offspring resemble parents (Gr 1)|primary|Song about baby animals — directly connects to offspring resembling parents
93|Shake Them Simmons Down|Nature & Plants|CU#248|Science & Nature|Plant/animal structures that help survival (Gr 1)|secondary|Nature song — connects to plant structures
93|Shake Them Simmons Down|Nature & Plants|CU#251|Science & Nature|Environmental Plant Needs (Gr 2)|secondary|Nature song — connects to plant needs and growth
93|Shake Them Simmons Down|Nature & Plants|CU#253|Science & Nature|Habitats and Biodiversity (Gr 2)|secondary|Nature song — connects to habitats and biodiversity
94|One Cold and Frosty Morning|Seasons & Weather, Water & Sea|CU#226|Language & Vocabulary|Describe people, places, things, events with relevant details (Gr 1)|secondary|Song about water/sea — practice descriptive language
94|One Cold and Frosty Morning|Seasons & Weather, Water & Sea|CU#256|Science & Nature|Evidence that Earth events can occur quickly or slowly (Gr 2)|secondary|Seasons/weather song — connects to rates of Earth events
94|One Cold and Frosty Morning|Seasons & Weather, Water & Sea|CU#257|Science & Nature|Processes that shape the Earth - wind/water changing land (Gr 2)|secondary|Weather song — connects to wind/water shaping land
95|This little boy found an egg,|Animals, Nature & Plants|CU#226|Language & Vocabulary|Describe people, places, things, events with relevant details (Gr 1)|secondary|Song about animals — practice describing animals with details
95|This little boy found an egg,|Animals, Nature & Plants|CU#248|Science & Nature|Plant/animal structures that help survival (Gr 1)|primary|Animal song — connects to animal structures and their functions
95|This little boy found an egg,|Animals, Nature & Plants|CU#251|Science & Nature|Environmental Plant Needs (Gr 2)|secondary|Nature song — connects to plant needs and growth
95|This little boy found an egg,|Animals, Nature & Plants|CU#253|Science & Nature|Habitats and Biodiversity (Gr 2)|secondary|Animal song — connects to where animals live (habitats)
97|Down in the Valley|Nature & Plants|CU#248|Science & Nature|Plant/animal structures that help survival (Gr 1)|secondary|Nature song — connects to plant structures
97|Down in the Valley|Nature & Plants|CU#251|Science & Nature|Environmental Plant Needs (Gr 2)|secondary|Nature song — connects to plant needs and growth
97|Down in the Valley|Nature & Plants|CU#253|Science & Nature|Habitats and Biodiversity (Gr 2)|secondary|Nature song — connects to habitats and biodiversity
97|Down in the Valley|Nature & Plants|CU#257|Science & Nature|Processes that shape the Earth - wind/water changing land (Gr 2)|secondary|Landscape song — connects to Earth surface processes
99|The Baby Bear Waltz|Animals, Dance & Movement, Family|CU#218|Gross Motor & Movement|Locomotor skills: running, jumping, hopping, skipping (Gr 1-2)|primary|Animal action song — combines animal theme with gross motor movement
99|The Baby Bear Waltz|Animals, Dance & Movement, Family|CU#219|Gross Motor & Movement|Balance and body control (static and moving) (Gr 1-2)|secondary|Movement song — connects to body control
99|The Baby Bear Waltz|Animals, Dance & Movement, Family|CU#221|Gross Motor & Movement|Moving to rhythm and tempo (Gr 1-2)|primary|Dance/movement song — connects to moving with rhythm
99|The Baby Bear Waltz|Animals, Dance & Movement, Family|CU#222|Gross Motor & Movement|Following multi-step movement directions / spatial awareness (Gr 1-2)|secondary|Movement song — connects to following movement directions
99|The Baby Bear Waltz|Animals, Dance & Movement, Family|CU#226|Language & Vocabulary|Describe people, places, things, events with relevant details (Gr 1)|secondary|Song about animals — practice describing animals with details
99|The Baby Bear Waltz|Animals, Dance & Movement, Family|CU#250|Science & Nature|Plant and Animal Structures - offspring resemble parents (Gr 1)|primary|Song about baby animals — directly connects to offspring resembling parents
101|Kangaroo Brown |Animals|CU#226|Language & Vocabulary|Describe people, places, things, events with relevant details (Gr 1)|secondary|Song about animals — practice describing animals with details
101|Kangaroo Brown |Animals|CU#248|Science & Nature|Plant/animal structures that help survival (Gr 1)|primary|Animal song — connects to animal structures and their functions
101|Kangaroo Brown |Animals|CU#253|Science & Nature|Habitats and Biodiversity (Gr 2)|secondary|Animal song — connects to where animals live (habitats)
102|Jubilee|Dance & Movement, Holidays & Celebrations|CU#219|Gross Motor & Movement|Balance and body control (static and moving) (Gr 1-2)|secondary|Movement song — connects to body control
102|Jubilee|Dance & Movement, Holidays & Celebrations|CU#221|Gross Motor & Movement|Moving to rhythm and tempo (Gr 1-2)|primary|Dance/movement song — connects to moving with rhythm
102|Jubilee|Dance & Movement, Holidays & Celebrations|CU#222|Gross Motor & Movement|Following multi-step movement directions / spatial awareness (Gr 1-2)|secondary|Movement song — connects to following movement directions
104|Ho Young Rider|Animals, Transportation|CU#226|Language & Vocabulary|Describe people, places, things, events with relevant details (Gr 1)|secondary|Song about animals — practice describing animals with details
104|Ho Young Rider|Animals, Transportation|CU#248|Science & Nature|Plant/animal structures that help survival (Gr 1)|primary|Animal song — connects to animal structures and their functions
104|Ho Young Rider|Animals, Transportation|CU#253|Science & Nature|Habitats and Biodiversity (Gr 2)|secondary|Animal song — connects to where animals live (habitats)
106|The Moon is Round / The Moonman|Seasons & Weather|CU#254|Science & Nature|Sun, Moon, and Star Patterns (Gr 1)|primary|Moon/sun/star song — directly connects to sky patterns
106|The Moon is Round / The Moonman|Seasons & Weather|CU#255|Science & Nature|Seasonal Sunlight patterns (sunrise/sunset) (Gr 1)|secondary|Sun/moon song — connects to daily and seasonal sunlight changes
106|The Moon is Round / The Moonman|Seasons & Weather|CU#256|Science & Nature|Evidence that Earth events can occur quickly or slowly (Gr 2)|secondary|Seasons/weather song — connects to rates of Earth events
107|Train is A'leaving|Seasons & Weather, Transportation, Water & Sea|CU#190|Literacy & Phonics|Identify main topic and key details of informational text (Gr 2)|secondary|Transportation song — practice identifying main ideas about vehicles
107|Train is A'leaving|Seasons & Weather, Transportation, Water & Sea|CU#226|Language & Vocabulary|Describe people, places, things, events with relevant details (Gr 1)|secondary|Song about water/sea — practice descriptive language
107|Train is A'leaving|Seasons & Weather, Transportation, Water & Sea|CU#255|Science & Nature|Seasonal Sunlight patterns (sunrise/sunset) (Gr 1)|primary|Seasons song — connects to seasonal patterns
107|Train is A'leaving|Seasons & Weather, Transportation, Water & Sea|CU#256|Science & Nature|Evidence that Earth events can occur quickly or slowly (Gr 2)|secondary|Seasons/weather song — connects to rates of Earth events
107|Train is A'leaving|Seasons & Weather, Transportation, Water & Sea|CU#257|Science & Nature|Processes that shape the Earth - wind/water changing land (Gr 2)|primary|Water/sea song — connects to water shaping the land
108|Circle Of The Sun|Seasons & Weather|CU#254|Science & Nature|Sun, Moon, and Star Patterns (Gr 1)|primary|Moon/sun/star song — directly connects to sky patterns
108|Circle Of The Sun|Seasons & Weather|CU#255|Science & Nature|Seasonal Sunlight patterns (sunrise/sunset) (Gr 1)|secondary|Sun/moon song — connects to daily and seasonal sunlight changes
108|Circle Of The Sun|Seasons & Weather|CU#256|Science & Nature|Evidence that Earth events can occur quickly or slowly (Gr 2)|secondary|Seasons/weather song — connects to rates of Earth events
114|Pretty Painted butterfly|Animals|CU#226|Language & Vocabulary|Describe people, places, things, events with relevant details (Gr 1)|secondary|Song about animals — practice describing animals with details
114|Pretty Painted butterfly|Animals|CU#253|Science & Nature|Habitats and Biodiversity (Gr 2)|primary|Small creature song — connects to habitats and biodiversity
115|She Didn't Dance, Dance, Dance|Dance & Movement|CU#219|Gross Motor & Movement|Balance and body control (static and moving) (Gr 1-2)|secondary|Movement song — connects to body control
115|She Didn't Dance, Dance, Dance|Dance & Movement|CU#221|Gross Motor & Movement|Moving to rhythm and tempo (Gr 1-2)|primary|Dance song — directly connects to moving to rhythm
115|She Didn't Dance, Dance, Dance|Dance & Movement|CU#222|Gross Motor & Movement|Following multi-step movement directions / spatial awareness (Gr 1-2)|secondary|Movement song — connects to following movement directions
117|Sailing Sailing Over the Ocean|Transportation, Water & Sea|CU#226|Language & Vocabulary|Describe people, places, things, events with relevant details (Gr 1)|secondary|Song about water/sea — practice descriptive language
117|Sailing Sailing Over the Ocean|Transportation, Water & Sea|CU#256|Science & Nature|Evidence that Earth events can occur quickly or slowly (Gr 2)|secondary|Water/sea song — connects to Earth events
117|Sailing Sailing Over the Ocean|Transportation, Water & Sea|CU#257|Science & Nature|Processes that shape the Earth - wind/water changing land (Gr 2)|primary|Water/sea song — connects to water shaping the land
120|Rags the Dog|Animals|CU#226|Language & Vocabulary|Describe people, places, things, events with relevant details (Gr 1)|secondary|Song about animals — practice describing animals with details
120|Rags the Dog|Animals|CU#248|Science & Nature|Plant/animal structures that help survival (Gr 1)|primary|Animal song — connects to animal structures and their functions
120|Rags the Dog|Animals|CU#253|Science & Nature|Habitats and Biodiversity (Gr 2)|secondary|Animal song — connects to where animals live (habitats)
122|Watch the Stars See How They Run|Dance & Movement, Seasons & Weather|CU#218|Gross Motor & Movement|Locomotor skills: running, jumping, hopping, skipping (Gr 1-2)|secondary|Movement song — connects to locomotor skills
122|Watch the Stars See How They Run|Dance & Movement, Seasons & Weather|CU#219|Gross Motor & Movement|Balance and body control (static and moving) (Gr 1-2)|secondary|Movement song — connects to body control
122|Watch the Stars See How They Run|Dance & Movement, Seasons & Weather|CU#222|Gross Motor & Movement|Following multi-step movement directions / spatial awareness (Gr 1-2)|secondary|Movement song — connects to following movement directions
122|Watch the Stars See How They Run|Dance & Movement, Seasons & Weather|CU#255|Science & Nature|Seasonal Sunlight patterns (sunrise/sunset) (Gr 1)|primary|Seasons song — connects to seasonal patterns
122|Watch the Stars See How They Run|Dance & Movement, Seasons & Weather|CU#256|Science & Nature|Evidence that Earth events can occur quickly or slowly (Gr 2)|secondary|Seasons/weather song — connects to rates of Earth events
132|I see the moon|Seasons & Weather|CU#254|Science & Nature|Sun, Moon, and Star Patterns (Gr 1)|primary|Moon/sun/star song — directly connects to sky patterns
132|I see the moon|Seasons & Weather|CU#255|Science & Nature|Seasonal Sunlight patterns (sunrise/sunset) (Gr 1)|secondary|Sun/moon song — connects to daily and seasonal sunlight changes
132|I see the moon|Seasons & Weather|CU#256|Science & Nature|Evidence that Earth events can occur quickly or slowly (Gr 2)|secondary|Seasons/weather song — connects to rates of Earth events
133|Baby's Boat|Family, Water & Sea|CU#226|Language & Vocabulary|Describe people, places, things, events with relevant details (Gr 1)|secondary|Song about water/sea — practice descriptive language
133|Baby's Boat|Family, Water & Sea|CU#256|Science & Nature|Evidence that Earth events can occur quickly or slowly (Gr 2)|secondary|Water/sea song — connects to Earth events
133|Baby's Boat|Family, Water & Sea|CU#257|Science & Nature|Processes that shape the Earth - wind/water changing land (Gr 2)|primary|Water/sea song — connects to water shaping the land
135|Great Big Star |Seasons & Weather|CU#254|Science & Nature|Sun, Moon, and Star Patterns (Gr 1)|primary|Moon/sun/star song — directly connects to sky patterns
135|Great Big Star |Seasons & Weather|CU#255|Science & Nature|Seasonal Sunlight patterns (sunrise/sunset) (Gr 1)|secondary|Sun/moon song — connects to daily and seasonal sunlight changes
135|Great Big Star |Seasons & Weather|CU#256|Science & Nature|Evidence that Earth events can occur quickly or slowly (Gr 2)|secondary|Seasons/weather song — connects to rates of Earth events
136|Douglas Mountain |Bedtime & Lullaby, Nature & Plants|CU#248|Science & Nature|Plant/animal structures that help survival (Gr 1)|secondary|Nature song — connects to plant structures
136|Douglas Mountain |Bedtime & Lullaby, Nature & Plants|CU#251|Science & Nature|Environmental Plant Needs (Gr 2)|secondary|Nature song — connects to plant needs and growth
136|Douglas Mountain |Bedtime & Lullaby, Nature & Plants|CU#253|Science & Nature|Habitats and Biodiversity (Gr 2)|secondary|Nature song — connects to habitats and biodiversity
136|Douglas Mountain |Bedtime & Lullaby, Nature & Plants|CU#257|Science & Nature|Processes that shape the Earth - wind/water changing land (Gr 2)|secondary|Landscape song — connects to Earth surface processes
137|Mister Moon / The Cuckoo |Seasons & Weather|CU#254|Science & Nature|Sun, Moon, and Star Patterns (Gr 1)|primary|Moon/sun/star song — directly connects to sky patterns
137|Mister Moon / The Cuckoo |Seasons & Weather|CU#255|Science & Nature|Seasonal Sunlight patterns (sunrise/sunset) (Gr 1)|secondary|Sun/moon song — connects to daily and seasonal sunlight changes
137|Mister Moon / The Cuckoo |Seasons & Weather|CU#256|Science & Nature|Evidence that Earth events can occur quickly or slowly (Gr 2)|secondary|Seasons/weather song — connects to rates of Earth events
139|My Pigeon Coop |Animals|CU#226|Language & Vocabulary|Describe people, places, things, events with relevant details (Gr 1)|secondary|Song about animals — practice describing animals with details
139|My Pigeon Coop |Animals|CU#248|Science & Nature|Plant/animal structures that help survival (Gr 1)|primary|Farm/bird song — connects to animal structures and survival
139|My Pigeon Coop |Animals|CU#252|Science & Nature|Seed Dispersal and Pollination (Gr 2)|secondary|Bee/bird song — connects to pollination and seed dispersal
141|Little Lap Dog |Animals|CU#226|Language & Vocabulary|Describe people, places, things, events with relevant details (Gr 1)|secondary|Song about animals — practice describing animals with details
141|Little Lap Dog |Animals|CU#248|Science & Nature|Plant/animal structures that help survival (Gr 1)|primary|Animal song — connects to animal structures and their functions
141|Little Lap Dog |Animals|CU#253|Science & Nature|Habitats and Biodiversity (Gr 2)|secondary|Animal song — connects to where animals live (habitats)
143|Come Row The Boat |Transportation, Water & Sea|CU#190|Literacy & Phonics|Identify main topic and key details of informational text (Gr 2)|secondary|Transportation song — practice identifying main ideas about vehicles
143|Come Row The Boat |Transportation, Water & Sea|CU#226|Language & Vocabulary|Describe people, places, things, events with relevant details (Gr 1)|secondary|Song about water/sea — practice descriptive language
143|Come Row The Boat |Transportation, Water & Sea|CU#256|Science & Nature|Evidence that Earth events can occur quickly or slowly (Gr 2)|secondary|Water/sea song — connects to Earth events
143|Come Row The Boat |Transportation, Water & Sea|CU#257|Science & Nature|Processes that shape the Earth - wind/water changing land (Gr 2)|primary|Water/sea song — connects to water shaping the land
145|Turn Around |Dance & Movement|CU#218|Gross Motor & Movement|Locomotor skills: running, jumping, hopping, skipping (Gr 1-2)|secondary|Movement song — connects to locomotor skills
145|Turn Around |Dance & Movement|CU#219|Gross Motor & Movement|Balance and body control (static and moving) (Gr 1-2)|secondary|Movement song — connects to body control
145|Turn Around |Dance & Movement|CU#222|Gross Motor & Movement|Following multi-step movement directions / spatial awareness (Gr 1-2)|secondary|Movement song — connects to following movement directions
147|Kitty Alone |Animals, Feelings & Emotions|CU#226|Language & Vocabulary|Describe people, places, things, events with relevant details (Gr 1)|secondary|Song about animals — practice describing animals with details
147|Kitty Alone |Animals, Feelings & Emotions|CU#248|Science & Nature|Plant/animal structures that help survival (Gr 1)|primary|Animal song — connects to animal structures and their functions
147|Kitty Alone |Animals, Feelings & Emotions|CU#253|Science & Nature|Habitats and Biodiversity (Gr 2)|secondary|Animal song — connects to where animals live (habitats)
148|I See The Moon (up over my bed) |Seasons & Weather|CU#254|Science & Nature|Sun, Moon, and Star Patterns (Gr 1)|primary|Moon/sun/star song — directly connects to sky patterns
148|I See The Moon (up over my bed) |Seasons & Weather|CU#255|Science & Nature|Seasonal Sunlight patterns (sunrise/sunset) (Gr 1)|secondary|Sun/moon song — connects to daily and seasonal sunlight changes
148|I See The Moon (up over my bed) |Seasons & Weather|CU#256|Science & Nature|Evidence that Earth events can occur quickly or slowly (Gr 2)|secondary|Seasons/weather song — connects to rates of Earth events
149|Catch A Falling Star |Bedtime & Lullaby, Seasons & Weather|CU#254|Science & Nature|Sun, Moon, and Star Patterns (Gr 1)|primary|Moon/sun/star song — directly connects to sky patterns
149|Catch A Falling Star |Bedtime & Lullaby, Seasons & Weather|CU#255|Science & Nature|Seasonal Sunlight patterns (sunrise/sunset) (Gr 1)|secondary|Sun/moon song — connects to daily and seasonal sunlight changes
149|Catch A Falling Star |Bedtime & Lullaby, Seasons & Weather|CU#256|Science & Nature|Evidence that Earth events can occur quickly or slowly (Gr 2)|secondary|Seasons/weather song — connects to rates of Earth events
152|Wee Baby Moon |Family, Seasons & Weather|CU#254|Science & Nature|Sun, Moon, and Star Patterns (Gr 1)|primary|Moon/sun/star song — directly connects to sky patterns
152|Wee Baby Moon |Family, Seasons & Weather|CU#255|Science & Nature|Seasonal Sunlight patterns (sunrise/sunset) (Gr 1)|secondary|Sun/moon song — connects to daily and seasonal sunlight changes
152|Wee Baby Moon |Family, Seasons & Weather|CU#256|Science & Nature|Evidence that Earth events can occur quickly or slowly (Gr 2)|secondary|Seasons/weather song — connects to rates of Earth events
153|Dreams Of Harmony |Feelings & Emotions, Music & Instruments|CU#210|Routines & Transitions|Following 2-3 step verbal directions (Gr 1-2)|secondary|Instrument song — following directions to play/move instruments
153|Dreams Of Harmony |Feelings & Emotions, Music & Instruments|CU#221|Gross Motor & Movement|Moving to rhythm and tempo (Gr 1-2)|secondary|Music song — connects to rhythm and steady beat
153|Dreams Of Harmony |Feelings & Emotions, Music & Instruments|CU#240|Science & Nature|Sound and Vibrating Materials (Gr 1)|primary|Music/instrument song — connects to how instruments make sound
155|Going for a Walk|Dance & Movement, Routines & Social Skills|CU#218|Gross Motor & Movement|Locomotor skills: running, jumping, hopping, skipping (Gr 1-2)|secondary|Movement song — connects to locomotor skills
155|Going for a Walk|Dance & Movement, Routines & Social Skills|CU#219|Gross Motor & Movement|Balance and body control (static and moving) (Gr 1-2)|secondary|Movement song — connects to body control
155|Going for a Walk|Dance & Movement, Routines & Social Skills|CU#222|Gross Motor & Movement|Following multi-step movement directions / spatial awareness (Gr 1-2)|secondary|Movement song — connects to following movement directions
159|Truck Song|Music & Instruments, Transportation|CU#190|Literacy & Phonics|Identify main topic and key details of informational text (Gr 2)|secondary|Transportation song — practice identifying main ideas about vehicles
159|Truck Song|Music & Instruments, Transportation|CU#210|Routines & Transitions|Following 2-3 step verbal directions (Gr 1-2)|secondary|Instrument song — following directions to play/move instruments
159|Truck Song|Music & Instruments, Transportation|CU#221|Gross Motor & Movement|Moving to rhythm and tempo (Gr 1-2)|secondary|Music song — connects to rhythm and steady beat
159|Truck Song|Music & Instruments, Transportation|CU#226|Language & Vocabulary|Describe people, places, things, events with relevant details (Gr 1)|primary|Transportation song — practice describing vehicles and travel
159|Truck Song|Music & Instruments, Transportation|CU#240|Science & Nature|Sound and Vibrating Materials (Gr 1)|primary|Music/instrument song — connects to how instruments make sound
160|We're tapping, ringing, shaking|Music & Instruments|CU#210|Routines & Transitions|Following 2-3 step verbal directions (Gr 1-2)|secondary|Instrument song — following directions to play/move instruments
160|We're tapping, ringing, shaking|Music & Instruments|CU#221|Gross Motor & Movement|Moving to rhythm and tempo (Gr 1-2)|secondary|Music song — connects to rhythm and steady beat
160|We're tapping, ringing, shaking|Music & Instruments|CU#240|Science & Nature|Sound and Vibrating Materials (Gr 1)|primary|Music/instrument song — connects to how instruments make sound
164|The Cold Winds Are Blowing|Seasons & Weather|CU#256|Science & Nature|Evidence that Earth events can occur quickly or slowly (Gr 2)|secondary|Seasons/weather song — connects to rates of Earth events
164|The Cold Winds Are Blowing|Seasons & Weather|CU#257|Science & Nature|Processes that shape the Earth - wind/water changing land (Gr 2)|secondary|Weather song — connects to wind/water shaping land
165|Hello Rain|Routines & Social Skills, Seasons & Weather, Water & Sea|CU#226|Language & Vocabulary|Describe people, places, things, events with relevant details (Gr 1)|secondary|Song about water/sea — practice descriptive language
165|Hello Rain|Routines & Social Skills, Seasons & Weather, Water & Sea|CU#256|Science & Nature|Evidence that Earth events can occur quickly or slowly (Gr 2)|secondary|Seasons/weather song — connects to rates of Earth events
165|Hello Rain|Routines & Social Skills, Seasons & Weather, Water & Sea|CU#257|Science & Nature|Processes that shape the Earth - wind/water changing land (Gr 2)|secondary|Weather song — connects to wind/water shaping land
166|Picking buttercups|Nature & Plants, Seasons & Weather, Water & Sea|CU#226|Language & Vocabulary|Describe people, places, things, events with relevant details (Gr 1)|secondary|Song about water/sea — practice descriptive language
166|Picking buttercups|Nature & Plants, Seasons & Weather, Water & Sea|CU#248|Science & Nature|Plant/animal structures that help survival (Gr 1)|secondary|Nature song — connects to plant structures
166|Picking buttercups|Nature & Plants, Seasons & Weather, Water & Sea|CU#251|Science & Nature|Environmental Plant Needs (Gr 2)|secondary|Nature song — connects to plant needs and growth
166|Picking buttercups|Nature & Plants, Seasons & Weather, Water & Sea|CU#253|Science & Nature|Habitats and Biodiversity (Gr 2)|secondary|Nature song — connects to habitats and biodiversity
166|Picking buttercups|Nature & Plants, Seasons & Weather, Water & Sea|CU#255|Science & Nature|Seasonal Sunlight patterns (sunrise/sunset) (Gr 1)|primary|Seasons song — connects to seasonal patterns
166|Picking buttercups|Nature & Plants, Seasons & Weather, Water & Sea|CU#256|Science & Nature|Evidence that Earth events can occur quickly or slowly (Gr 2)|secondary|Seasons/weather song — connects to rates of Earth events
166|Picking buttercups|Nature & Plants, Seasons & Weather, Water & Sea|CU#257|Science & Nature|Processes that shape the Earth - wind/water changing land (Gr 2)|primary|Water/sea song — connects to water shaping the land
167|I Went Down into the Barnyard|Animals|CU#226|Language & Vocabulary|Describe people, places, things, events with relevant details (Gr 1)|secondary|Song about animals — practice describing animals with details
167|I Went Down into the Barnyard|Animals|CU#248|Science & Nature|Plant/animal structures that help survival (Gr 1)|primary|Farm/bird song — connects to animal structures and survival
168|Ducks in the Millpond|Animals|CU#226|Language & Vocabulary|Describe people, places, things, events with relevant details (Gr 1)|secondary|Song about animals — practice describing animals with details
168|Ducks in the Millpond|Animals|CU#248|Science & Nature|Plant/animal structures that help survival (Gr 1)|primary|Animal song — connects to animal structures and their functions
168|Ducks in the Millpond|Animals|CU#253|Science & Nature|Habitats and Biodiversity (Gr 2)|secondary|Animal song — connects to where animals live (habitats)
169|The Pie Song|Food & Cooking, Music & Instruments, Numbers & Counting|CU#210|Routines & Transitions|Following 2-3 step verbal directions (Gr 1-2)|secondary|Instrument song — following directions to play/move instruments
169|The Pie Song|Food & Cooking, Music & Instruments, Numbers & Counting|CU#221|Gross Motor & Movement|Moving to rhythm and tempo (Gr 1-2)|secondary|Music song — connects to rhythm and steady beat
169|The Pie Song|Food & Cooking, Music & Instruments, Numbers & Counting|CU#240|Science & Nature|Sound and Vibrating Materials (Gr 1)|primary|Music/instrument song — connects to how instruments make sound
171|Walk Horsey Walk|Animals, Dance & Movement|CU#218|Gross Motor & Movement|Locomotor skills: running, jumping, hopping, skipping (Gr 1-2)|secondary|Movement song — connects to locomotor skills
171|Walk Horsey Walk|Animals, Dance & Movement|CU#219|Gross Motor & Movement|Balance and body control (static and moving) (Gr 1-2)|secondary|Movement song — connects to body control
171|Walk Horsey Walk|Animals, Dance & Movement|CU#222|Gross Motor & Movement|Following multi-step movement directions / spatial awareness (Gr 1-2)|secondary|Movement song — connects to following movement directions
171|Walk Horsey Walk|Animals, Dance & Movement|CU#248|Science & Nature|Plant/animal structures that help survival (Gr 1)|primary|Animal song — connects to animal structures and their functions
171|Walk Horsey Walk|Animals, Dance & Movement|CU#253|Science & Nature|Habitats and Biodiversity (Gr 2)|secondary|Animal song — connects to where animals live (habitats)
172|Here is the Boat|Water & Sea|CU#226|Language & Vocabulary|Describe people, places, things, events with relevant details (Gr 1)|secondary|Song about water/sea — practice descriptive language
172|Here is the Boat|Water & Sea|CU#256|Science & Nature|Evidence that Earth events can occur quickly or slowly (Gr 2)|secondary|Water/sea song — connects to Earth events
172|Here is the Boat|Water & Sea|CU#257|Science & Nature|Processes that shape the Earth - wind/water changing land (Gr 2)|primary|Water/sea song — connects to water shaping the land
173|There was a Little Boat|Water & Sea|CU#226|Language & Vocabulary|Describe people, places, things, events with relevant details (Gr 1)|secondary|Song about water/sea — practice descriptive language
173|There was a Little Boat|Water & Sea|CU#256|Science & Nature|Evidence that Earth events can occur quickly or slowly (Gr 2)|secondary|Water/sea song — connects to Earth events
173|There was a Little Boat|Water & Sea|CU#257|Science & Nature|Processes that shape the Earth - wind/water changing land (Gr 2)|primary|Water/sea song — connects to water shaping the land
174|The Little Cat|Animals|CU#226|Language & Vocabulary|Describe people, places, things, events with relevant details (Gr 1)|secondary|Song about animals — practice describing animals with details
174|The Little Cat|Animals|CU#250|Science & Nature|Plant and Animal Structures - offspring resemble parents (Gr 1)|primary|Song about baby animals — directly connects to offspring resembling parents
175|Shake it to the east|Dance & Movement|CU#218|Gross Motor & Movement|Locomotor skills: running, jumping, hopping, skipping (Gr 1-2)|secondary|Movement song — connects to locomotor skills
175|Shake it to the east|Dance & Movement|CU#219|Gross Motor & Movement|Balance and body control (static and moving) (Gr 1-2)|secondary|Movement song — connects to body control
175|Shake it to the east|Dance & Movement|CU#222|Gross Motor & Movement|Following multi-step movement directions / spatial awareness (Gr 1-2)|secondary|Movement song — connects to following movement directions
177|Tom Thumb|Body Parts, Dance & Movement|CU#214|Fine Motor Skills|Pencil grip and letter formation (Gr 1-2)|secondary|Fingerplay song — strengthens finger muscles for writing
177|Tom Thumb|Body Parts, Dance & Movement|CU#217|Fine Motor Skills|Drawing with increasing detail and control (Gr 1-2)|secondary|Fingerplay song — develops fine motor control
177|Tom Thumb|Body Parts, Dance & Movement|CU#219|Gross Motor & Movement|Balance and body control (static and moving) (Gr 1-2)|primary|Body parts song — connects to body awareness and control
177|Tom Thumb|Body Parts, Dance & Movement|CU#221|Gross Motor & Movement|Moving to rhythm and tempo (Gr 1-2)|secondary|Body parts song — often sung with rhythmic movements
177|Tom Thumb|Body Parts, Dance & Movement|CU#222|Gross Motor & Movement|Following multi-step movement directions / spatial awareness (Gr 1-2)|secondary|Movement song — connects to following movement directions
179|Sally Go Round the Sun|Seasons & Weather|CU#254|Science & Nature|Sun, Moon, and Star Patterns (Gr 1)|primary|Moon/sun/star song — directly connects to sky patterns
179|Sally Go Round the Sun|Seasons & Weather|CU#255|Science & Nature|Seasonal Sunlight patterns (sunrise/sunset) (Gr 1)|secondary|Sun/moon song — connects to daily and seasonal sunlight changes
179|Sally Go Round the Sun|Seasons & Weather|CU#256|Science & Nature|Evidence that Earth events can occur quickly or slowly (Gr 2)|secondary|Seasons/weather song — connects to rates of Earth events
183|Dance to your Daddy|Dance & Movement, Family|CU#219|Gross Motor & Movement|Balance and body control (static and moving) (Gr 1-2)|secondary|Movement song — connects to body control
183|Dance to your Daddy|Dance & Movement, Family|CU#221|Gross Motor & Movement|Moving to rhythm and tempo (Gr 1-2)|primary|Dance song — directly connects to moving to rhythm
183|Dance to your Daddy|Dance & Movement, Family|CU#222|Gross Motor & Movement|Following multi-step movement directions / spatial awareness (Gr 1-2)|secondary|Movement song — connects to following movement directions
184|Monday Night the Banjo|Bedtime & Lullaby, Music & Instruments|CU#210|Routines & Transitions|Following 2-3 step verbal directions (Gr 1-2)|secondary|Instrument song — following directions to play/move instruments
184|Monday Night the Banjo|Bedtime & Lullaby, Music & Instruments|CU#221|Gross Motor & Movement|Moving to rhythm and tempo (Gr 1-2)|secondary|Music song — connects to rhythm and steady beat
184|Monday Night the Banjo|Bedtime & Lullaby, Music & Instruments|CU#240|Science & Nature|Sound and Vibrating Materials (Gr 1)|primary|Music/instrument song — connects to how instruments make sound
186|The Baby Bear Waltz|Animals, Family|CU#226|Language & Vocabulary|Describe people, places, things, events with relevant details (Gr 1)|secondary|Song about animals — practice describing animals with details
186|The Baby Bear Waltz|Animals, Family|CU#250|Science & Nature|Plant and Animal Structures - offspring resemble parents (Gr 1)|primary|Song about baby animals — directly connects to offspring resembling parents
187|Everybody knows I love my toes|Body Parts, Feelings & Emotions|CU#219|Gross Motor & Movement|Balance and body control (static and moving) (Gr 1-2)|primary|Body parts song — connects to body awareness and control
187|Everybody knows I love my toes|Body Parts, Feelings & Emotions|CU#221|Gross Motor & Movement|Moving to rhythm and tempo (Gr 1-2)|secondary|Body parts song — often sung with rhythmic movements
187|Everybody knows I love my toes|Body Parts, Feelings & Emotions|CU#222|Gross Motor & Movement|Following multi-step movement directions / spatial awareness (Gr 1-2)|secondary|Body parts song — follows directions to move specific body parts
188|Tommy Thumb|Body Parts|CU#214|Fine Motor Skills|Pencil grip and letter formation (Gr 1-2)|secondary|Fingerplay song — strengthens finger muscles for writing
188|Tommy Thumb|Body Parts|CU#217|Fine Motor Skills|Drawing with increasing detail and control (Gr 1-2)|secondary|Fingerplay song — develops fine motor control
188|Tommy Thumb|Body Parts|CU#219|Gross Motor & Movement|Balance and body control (static and moving) (Gr 1-2)|primary|Body parts song — connects to body awareness and control
188|Tommy Thumb|Body Parts|CU#221|Gross Motor & Movement|Moving to rhythm and tempo (Gr 1-2)|secondary|Body parts song — often sung with rhythmic movements
190|Here goes the rabbit,|Animals|CU#226|Language & Vocabulary|Describe people, places, things, events with relevant details (Gr 1)|secondary|Song about animals — practice describing animals with details
190|Here goes the rabbit,|Animals|CU#248|Science & Nature|Plant/animal structures that help survival (Gr 1)|primary|Animal song — connects to animal structures and their functions
190|Here goes the rabbit,|Animals|CU#253|Science & Nature|Habitats and Biodiversity (Gr 2)|secondary|Animal song — connects to where animals live (habitats)
191|Mr. Rabbit|Animals|CU#226|Language & Vocabulary|Describe people, places, things, events with relevant details (Gr 1)|secondary|Song about animals — practice describing animals with details
191|Mr. Rabbit|Animals|CU#248|Science & Nature|Plant/animal structures that help survival (Gr 1)|primary|Animal song — connects to animal structures and their functions
191|Mr. Rabbit|Animals|CU#253|Science & Nature|Habitats and Biodiversity (Gr 2)|secondary|Animal song — connects to where animals live (habitats)
195|Put one foot in front of the other|Body Parts|CU#219|Gross Motor & Movement|Balance and body control (static and moving) (Gr 1-2)|primary|Body parts song — connects to body awareness and control
195|Put one foot in front of the other|Body Parts|CU#221|Gross Motor & Movement|Moving to rhythm and tempo (Gr 1-2)|secondary|Body parts song — often sung with rhythmic movements
195|Put one foot in front of the other|Body Parts|CU#222|Gross Motor & Movement|Following multi-step movement directions / spatial awareness (Gr 1-2)|secondary|Body parts song — follows directions to move specific body parts
200|Here is the Sea|Water & Sea|CU#226|Language & Vocabulary|Describe people, places, things, events with relevant details (Gr 1)|secondary|Song about water/sea — practice descriptive language
200|Here is the Sea|Water & Sea|CU#256|Science & Nature|Evidence that Earth events can occur quickly or slowly (Gr 2)|secondary|Water/sea song — connects to Earth events
200|Here is the Sea|Water & Sea|CU#257|Science & Nature|Processes that shape the Earth - wind/water changing land (Gr 2)|primary|Water/sea song — connects to water shaping the land
201|Baby Shark|Animals, Family|CU#226|Language & Vocabulary|Describe people, places, things, events with relevant details (Gr 1)|secondary|Song about animals — practice describing animals with details
201|Baby Shark|Animals, Family|CU#250|Science & Nature|Plant and Animal Structures - offspring resemble parents (Gr 1)|primary|Song about baby animals — directly connects to offspring resembling parents
202|Walk Through the Farmyard|Animals, Dance & Movement, Farm|CU#218|Gross Motor & Movement|Locomotor skills: running, jumping, hopping, skipping (Gr 1-2)|secondary|Movement song — connects to locomotor skills
202|Walk Through the Farmyard|Animals, Dance & Movement, Farm|CU#219|Gross Motor & Movement|Balance and body control (static and moving) (Gr 1-2)|secondary|Movement song — connects to body control
202|Walk Through the Farmyard|Animals, Dance & Movement, Farm|CU#222|Gross Motor & Movement|Following multi-step movement directions / spatial awareness (Gr 1-2)|secondary|Movement song — connects to following movement directions
202|Walk Through the Farmyard|Animals, Dance & Movement, Farm|CU#226|Language & Vocabulary|Describe people, places, things, events with relevant details (Gr 1)|secondary|Farm song — practice describing farm life
202|Walk Through the Farmyard|Animals, Dance & Movement, Farm|CU#248|Science & Nature|Plant/animal structures that help survival (Gr 1)|primary|Farm/bird song — connects to animal structures and survival
202|Walk Through the Farmyard|Animals, Dance & Movement, Farm|CU#250|Science & Nature|Plant and Animal Structures - offspring resemble parents (Gr 1)|primary|Farm song — connects to farm animal families/offspring
202|Walk Through the Farmyard|Animals, Dance & Movement, Farm|CU#251|Science & Nature|Environmental Plant Needs (Gr 2)|secondary|Farm song — connects to growing food/plants on a farm
202|Walk Through the Farmyard|Animals, Dance & Movement, Farm|CU#253|Science & Nature|Habitats and Biodiversity (Gr 2)|secondary|Farm song — farm as a habitat for animals and plants
203|Grampa's farm rhyme|Animals, Farm|CU#226|Language & Vocabulary|Describe people, places, things, events with relevant details (Gr 1)|secondary|Song about animals — practice describing animals with details
203|Grampa's farm rhyme|Animals, Farm|CU#248|Science & Nature|Plant/animal structures that help survival (Gr 1)|primary|Farm/bird song — connects to animal structures and survival
203|Grampa's farm rhyme|Animals, Farm|CU#250|Science & Nature|Plant and Animal Structures - offspring resemble parents (Gr 1)|primary|Farm song — connects to farm animal families/offspring
203|Grampa's farm rhyme|Animals, Farm|CU#251|Science & Nature|Environmental Plant Needs (Gr 2)|secondary|Farm song — connects to growing food/plants on a farm
203|Grampa's farm rhyme|Animals, Farm|CU#253|Science & Nature|Habitats and Biodiversity (Gr 2)|secondary|Farm song — farm as a habitat for animals and plants
204|Down on Grampa's farm |Animals, Farm|CU#226|Language & Vocabulary|Describe people, places, things, events with relevant details (Gr 1)|secondary|Song about animals — practice describing animals with details
204|Down on Grampa's farm |Animals, Farm|CU#248|Science & Nature|Plant/animal structures that help survival (Gr 1)|primary|Farm/bird song — connects to animal structures and survival
204|Down on Grampa's farm |Animals, Farm|CU#250|Science & Nature|Plant and Animal Structures - offspring resemble parents (Gr 1)|primary|Farm song — connects to farm animal families/offspring
204|Down on Grampa's farm |Animals, Farm|CU#251|Science & Nature|Environmental Plant Needs (Gr 2)|secondary|Farm song — connects to growing food/plants on a farm
204|Down on Grampa's farm |Animals, Farm|CU#253|Science & Nature|Habitats and Biodiversity (Gr 2)|secondary|Farm song — farm as a habitat for animals and plants
205|Peck, peck, peck goes the little red hen,|Animals|CU#226|Language & Vocabulary|Describe people, places, things, events with relevant details (Gr 1)|secondary|Song about animals — practice describing animals with details
205|Peck, peck, peck goes the little red hen,|Animals|CU#248|Science & Nature|Plant/animal structures that help survival (Gr 1)|primary|Farm/bird song — connects to animal structures and survival
205|Peck, peck, peck goes the little red hen,|Animals|CU#252|Science & Nature|Seed Dispersal and Pollination (Gr 2)|secondary|Bee/bird song — connects to pollination and seed dispersal
206|Shoo Fly|Animals|CU#226|Language & Vocabulary|Describe people, places, things, events with relevant details (Gr 1)|secondary|Song about animals — practice describing animals with details
206|Shoo Fly|Animals|CU#253|Science & Nature|Habitats and Biodiversity (Gr 2)|primary|Small creature song — connects to habitats and biodiversity
212|May There Always Be Sunshine|Feelings & Emotions, Seasons & Weather|CU#254|Science & Nature|Sun, Moon, and Star Patterns (Gr 1)|primary|Moon/sun/star song — directly connects to sky patterns
212|May There Always Be Sunshine|Feelings & Emotions, Seasons & Weather|CU#255|Science & Nature|Seasonal Sunlight patterns (sunrise/sunset) (Gr 1)|secondary|Sun/moon song — connects to daily and seasonal sunlight changes
212|May There Always Be Sunshine|Feelings & Emotions, Seasons & Weather|CU#256|Science & Nature|Evidence that Earth events can occur quickly or slowly (Gr 2)|secondary|Seasons/weather song — connects to rates of Earth events
213|My Bonnie Lies Over the Ocean|Bedtime & Lullaby, Water & Sea|CU#226|Language & Vocabulary|Describe people, places, things, events with relevant details (Gr 1)|secondary|Song about water/sea — practice descriptive language
213|My Bonnie Lies Over the Ocean|Bedtime & Lullaby, Water & Sea|CU#256|Science & Nature|Evidence that Earth events can occur quickly or slowly (Gr 2)|secondary|Water/sea song — connects to Earth events
213|My Bonnie Lies Over the Ocean|Bedtime & Lullaby, Water & Sea|CU#257|Science & Nature|Processes that shape the Earth - wind/water changing land (Gr 2)|primary|Water/sea song — connects to water shaping the land
214|When the day is over and the sun goes down|Seasons & Weather|CU#254|Science & Nature|Sun, Moon, and Star Patterns (Gr 1)|primary|Moon/sun/star song — directly connects to sky patterns
214|When the day is over and the sun goes down|Seasons & Weather|CU#255|Science & Nature|Seasonal Sunlight patterns (sunrise/sunset) (Gr 1)|secondary|Sun/moon song — connects to daily and seasonal sunlight changes
214|When the day is over and the sun goes down|Seasons & Weather|CU#256|Science & Nature|Evidence that Earth events can occur quickly or slowly (Gr 2)|secondary|Seasons/weather song — connects to rates of Earth events
215|Up and Over the Moon!|Seasons & Weather|CU#254|Science & Nature|Sun, Moon, and Star Patterns (Gr 1)|primary|Moon/sun/star song — directly connects to sky patterns
215|Up and Over the Moon!|Seasons & Weather|CU#255|Science & Nature|Seasonal Sunlight patterns (sunrise/sunset) (Gr 1)|secondary|Sun/moon song — connects to daily and seasonal sunlight changes
215|Up and Over the Moon!|Seasons & Weather|CU#256|Science & Nature|Evidence that Earth events can occur quickly or slowly (Gr 2)|secondary|Seasons/weather song — connects to rates of Earth events
216|You Are My Sunshine|Seasons & Weather|CU#254|Science & Nature|Sun, Moon, and Star Patterns (Gr 1)|primary|Moon/sun/star song — directly connects to sky patterns
216|You Are My Sunshine|Seasons & Weather|CU#255|Science & Nature|Seasonal Sunlight patterns (sunrise/sunset) (Gr 1)|secondary|Sun/moon song — connects to daily and seasonal sunlight changes
216|You Are My Sunshine|Seasons & Weather|CU#256|Science & Nature|Evidence that Earth events can occur quickly or slowly (Gr 2)|secondary|Seasons/weather song — connects to rates of Earth events
217|Mr Moon|Seasons & Weather|CU#254|Science & Nature|Sun, Moon, and Star Patterns (Gr 1)|primary|Moon/sun/star song — directly connects to sky patterns
217|Mr Moon|Seasons & Weather|CU#255|Science & Nature|Seasonal Sunlight patterns (sunrise/sunset) (Gr 1)|secondary|Sun/moon song — connects to daily and seasonal sunlight changes
217|Mr Moon|Seasons & Weather|CU#256|Science & Nature|Evidence that Earth events can occur quickly or slowly (Gr 2)|secondary|Seasons/weather song — connects to rates of Earth events
220|Land of Silver Birch|Nature & Plants|CU#248|Science & Nature|Plant/animal structures that help survival (Gr 1)|secondary|Nature song — connects to plant structures
220|Land of Silver Birch|Nature & Plants|CU#251|Science & Nature|Environmental Plant Needs (Gr 2)|secondary|Nature song — connects to plant needs and growth
220|Land of Silver Birch|Nature & Plants|CU#253|Science & Nature|Habitats and Biodiversity (Gr 2)|secondary|Nature song — connects to habitats and biodiversity
223|Big Moon Bright Moon|Seasons & Weather|CU#254|Science & Nature|Sun, Moon, and Star Patterns (Gr 1)|primary|Moon/sun/star song — directly connects to sky patterns
223|Big Moon Bright Moon|Seasons & Weather|CU#255|Science & Nature|Seasonal Sunlight patterns (sunrise/sunset) (Gr 1)|secondary|Sun/moon song — connects to daily and seasonal sunlight changes
223|Big Moon Bright Moon|Seasons & Weather|CU#256|Science & Nature|Evidence that Earth events can occur quickly or slowly (Gr 2)|secondary|Seasons/weather song — connects to rates of Earth events
225|The Moon is a Pearl|Seasons & Weather|CU#254|Science & Nature|Sun, Moon, and Star Patterns (Gr 1)|primary|Moon/sun/star song — directly connects to sky patterns
225|The Moon is a Pearl|Seasons & Weather|CU#255|Science & Nature|Seasonal Sunlight patterns (sunrise/sunset) (Gr 1)|secondary|Sun/moon song — connects to daily and seasonal sunlight changes
225|The Moon is a Pearl|Seasons & Weather|CU#256|Science & Nature|Evidence that Earth events can occur quickly or slowly (Gr 2)|secondary|Seasons/weather song — connects to rates of Earth events
230|Ducks on the Pond|Animals, Water & Sea|CU#226|Language & Vocabulary|Describe people, places, things, events with relevant details (Gr 1)|secondary|Song about animals — practice describing animals with details
230|Ducks on the Pond|Animals, Water & Sea|CU#248|Science & Nature|Plant/animal structures that help survival (Gr 1)|primary|Animal song — connects to animal structures and their functions
230|Ducks on the Pond|Animals, Water & Sea|CU#253|Science & Nature|Habitats and Biodiversity (Gr 2)|secondary|Animal song — connects to where animals live (habitats)
230|Ducks on the Pond|Animals, Water & Sea|CU#256|Science & Nature|Evidence that Earth events can occur quickly or slowly (Gr 2)|secondary|Water/sea song — connects to Earth events
230|Ducks on the Pond|Animals, Water & Sea|CU#257|Science & Nature|Processes that shape the Earth - wind/water changing land (Gr 2)|primary|Water/sea song — connects to water shaping the land
231| Round and Round the Garden / Knock at the Door |Body Parts, Dance & Movement, Nature & Plants|CU#219|Gross Motor & Movement|Balance and body control (static and moving) (Gr 1-2)|primary|Body parts song — connects to body awareness and control
231| Round and Round the Garden / Knock at the Door |Body Parts, Dance & Movement, Nature & Plants|CU#221|Gross Motor & Movement|Moving to rhythm and tempo (Gr 1-2)|secondary|Body parts song — often sung with rhythmic movements
231| Round and Round the Garden / Knock at the Door |Body Parts, Dance & Movement, Nature & Plants|CU#222|Gross Motor & Movement|Following multi-step movement directions / spatial awareness (Gr 1-2)|secondary|Body parts song — follows directions to move specific body parts
231| Round and Round the Garden / Knock at the Door |Body Parts, Dance & Movement, Nature & Plants|CU#248|Science & Nature|Plant/animal structures that help survival (Gr 1)|secondary|Nature song — connects to plant structures
231| Round and Round the Garden / Knock at the Door |Body Parts, Dance & Movement, Nature & Plants|CU#251|Science & Nature|Environmental Plant Needs (Gr 2)|primary|Garden/planting song — connects to what plants need to grow
231| Round and Round the Garden / Knock at the Door |Body Parts, Dance & Movement, Nature & Plants|CU#252|Science & Nature|Seed Dispersal and Pollination (Gr 2)|secondary|Garden/planting song — connects to how plants reproduce
231| Round and Round the Garden / Knock at the Door |Body Parts, Dance & Movement, Nature & Plants|CU#253|Science & Nature|Habitats and Biodiversity (Gr 2)|secondary|Nature song — connects to habitats and biodiversity
232|Over in the Meadow|Nature & Plants, Numbers & Counting|CU#248|Science & Nature|Plant/animal structures that help survival (Gr 1)|secondary|Nature song — connects to plant structures
232|Over in the Meadow|Nature & Plants, Numbers & Counting|CU#251|Science & Nature|Environmental Plant Needs (Gr 2)|secondary|Nature song — connects to plant needs and growth
232|Over in the Meadow|Nature & Plants, Numbers & Counting|CU#253|Science & Nature|Habitats and Biodiversity (Gr 2)|secondary|Nature song — connects to habitats and biodiversity
233|Slowly Garden Snail|Animals, Nature & Plants|CU#226|Language & Vocabulary|Describe people, places, things, events with relevant details (Gr 1)|secondary|Song about animals — practice describing animals with details
233|Slowly Garden Snail|Animals, Nature & Plants|CU#248|Science & Nature|Plant/animal structures that help survival (Gr 1)|secondary|Nature song — connects to plant structures
233|Slowly Garden Snail|Animals, Nature & Plants|CU#251|Science & Nature|Environmental Plant Needs (Gr 2)|primary|Garden/planting song — connects to what plants need to grow
233|Slowly Garden Snail|Animals, Nature & Plants|CU#252|Science & Nature|Seed Dispersal and Pollination (Gr 2)|secondary|Garden/planting song — connects to how plants reproduce
233|Slowly Garden Snail|Animals, Nature & Plants|CU#253|Science & Nature|Habitats and Biodiversity (Gr 2)|primary|Small creature song — connects to habitats and biodiversity
234|Sailing Sailing Over the Ocean|Transportation, Water & Sea|CU#226|Language & Vocabulary|Describe people, places, things, events with relevant details (Gr 1)|secondary|Song about water/sea — practice descriptive language
234|Sailing Sailing Over the Ocean|Transportation, Water & Sea|CU#256|Science & Nature|Evidence that Earth events can occur quickly or slowly (Gr 2)|secondary|Water/sea song — connects to Earth events
234|Sailing Sailing Over the Ocean|Transportation, Water & Sea|CU#257|Science & Nature|Processes that shape the Earth - wind/water changing land (Gr 2)|primary|Water/sea song — connects to water shaping the land
235|The Little Mice Go Creeping|Animals, Dance & Movement|CU#218|Gross Motor & Movement|Locomotor skills: running, jumping, hopping, skipping (Gr 1-2)|primary|Animal action song — combines animal theme with gross motor movement
235|The Little Mice Go Creeping|Animals, Dance & Movement|CU#219|Gross Motor & Movement|Balance and body control (static and moving) (Gr 1-2)|secondary|Movement song — connects to body control
235|The Little Mice Go Creeping|Animals, Dance & Movement|CU#221|Gross Motor & Movement|Moving to rhythm and tempo (Gr 1-2)|primary|Dance/movement song — connects to moving with rhythm
235|The Little Mice Go Creeping|Animals, Dance & Movement|CU#222|Gross Motor & Movement|Following multi-step movement directions / spatial awareness (Gr 1-2)|secondary|Movement song — connects to following movement directions
235|The Little Mice Go Creeping|Animals, Dance & Movement|CU#226|Language & Vocabulary|Describe people, places, things, events with relevant details (Gr 1)|secondary|Song about animals — practice describing animals with details
235|The Little Mice Go Creeping|Animals, Dance & Movement|CU#248|Science & Nature|Plant/animal structures that help survival (Gr 1)|primary|Animal song — connects to animal structures and their functions
235|The Little Mice Go Creeping|Animals, Dance & Movement|CU#253|Science & Nature|Habitats and Biodiversity (Gr 2)|secondary|Animal song — connects to where animals live (habitats)
236|Zoom, Zoom, Zoom|Numbers & Counting, Transportation|CU#226|Language & Vocabulary|Describe people, places, things, events with relevant details (Gr 1)|primary|Transportation song — practice describing vehicles and travel
237|Sleeping Bunnies|Animals, Dance & Movement|CU#218|Gross Motor & Movement|Locomotor skills: running, jumping, hopping, skipping (Gr 1-2)|primary|Animal action song — combines animal theme with gross motor movement
237|Sleeping Bunnies|Animals, Dance & Movement|CU#219|Gross Motor & Movement|Balance and body control (static and moving) (Gr 1-2)|secondary|Movement song — connects to body control
237|Sleeping Bunnies|Animals, Dance & Movement|CU#221|Gross Motor & Movement|Moving to rhythm and tempo (Gr 1-2)|primary|Dance/movement song — connects to moving with rhythm
237|Sleeping Bunnies|Animals, Dance & Movement|CU#222|Gross Motor & Movement|Following multi-step movement directions / spatial awareness (Gr 1-2)|secondary|Movement song — connects to following movement directions
237|Sleeping Bunnies|Animals, Dance & Movement|CU#226|Language & Vocabulary|Describe people, places, things, events with relevant details (Gr 1)|secondary|Song about animals — practice describing animals with details
237|Sleeping Bunnies|Animals, Dance & Movement|CU#248|Science & Nature|Plant/animal structures that help survival (Gr 1)|primary|Animal song — connects to animal structures and their functions
237|Sleeping Bunnies|Animals, Dance & Movement|CU#253|Science & Nature|Habitats and Biodiversity (Gr 2)|secondary|Animal song — connects to where animals live (habitats)
239|Shoo Fly|Animals, Routines & Social Skills|CU#226|Language & Vocabulary|Describe people, places, things, events with relevant details (Gr 1)|secondary|Song about animals — practice describing animals with details
239|Shoo Fly|Animals, Routines & Social Skills|CU#253|Science & Nature|Habitats and Biodiversity (Gr 2)|primary|Small creature song — connects to habitats and biodiversity
240|I Want Someone To Buy Me A pony|Animals|CU#226|Language & Vocabulary|Describe people, places, things, events with relevant details (Gr 1)|secondary|Song about animals — practice describing animals with details
240|I Want Someone To Buy Me A pony|Animals|CU#248|Science & Nature|Plant/animal structures that help survival (Gr 1)|primary|Animal song — connects to animal structures and their functions
240|I Want Someone To Buy Me A pony|Animals|CU#253|Science & Nature|Habitats and Biodiversity (Gr 2)|secondary|Animal song — connects to where animals live (habitats)
242|She Didn't Dance, Dance, Dance|Dance & Movement|CU#219|Gross Motor & Movement|Balance and body control (static and moving) (Gr 1-2)|secondary|Movement song — connects to body control
242|She Didn't Dance, Dance, Dance|Dance & Movement|CU#221|Gross Motor & Movement|Moving to rhythm and tempo (Gr 1-2)|primary|Dance song — directly connects to moving to rhythm
242|She Didn't Dance, Dance, Dance|Dance & Movement|CU#222|Gross Motor & Movement|Following multi-step movement directions / spatial awareness (Gr 1-2)|secondary|Movement song — connects to following movement directions
243|Tumbledown Hill|Dance & Movement, Nature & Plants|CU#219|Gross Motor & Movement|Balance and body control (static and moving) (Gr 1-2)|secondary|Movement song — connects to body control
243|Tumbledown Hill|Dance & Movement, Nature & Plants|CU#221|Gross Motor & Movement|Moving to rhythm and tempo (Gr 1-2)|primary|Dance/movement song — connects to moving with rhythm
243|Tumbledown Hill|Dance & Movement, Nature & Plants|CU#222|Gross Motor & Movement|Following multi-step movement directions / spatial awareness (Gr 1-2)|secondary|Movement song — connects to following movement directions
243|Tumbledown Hill|Dance & Movement, Nature & Plants|CU#248|Science & Nature|Plant/animal structures that help survival (Gr 1)|secondary|Nature song — connects to plant structures
243|Tumbledown Hill|Dance & Movement, Nature & Plants|CU#251|Science & Nature|Environmental Plant Needs (Gr 2)|secondary|Nature song — connects to plant needs and growth
243|Tumbledown Hill|Dance & Movement, Nature & Plants|CU#253|Science & Nature|Habitats and Biodiversity (Gr 2)|secondary|Nature song — connects to habitats and biodiversity
243|Tumbledown Hill|Dance & Movement, Nature & Plants|CU#257|Science & Nature|Processes that shape the Earth - wind/water changing land (Gr 2)|secondary|Landscape song — connects to Earth surface processes
244|Sugar Lamb|Animals, Bedtime & Lullaby|CU#226|Language & Vocabulary|Describe people, places, things, events with relevant details (Gr 1)|secondary|Song about animals — practice describing animals with details
244|Sugar Lamb|Animals, Bedtime & Lullaby|CU#250|Science & Nature|Plant and Animal Structures - offspring resemble parents (Gr 1)|primary|Song about baby animals — directly connects to offspring resembling parents
245|This is the Boat|Transportation, Water & Sea|CU#190|Literacy & Phonics|Identify main topic and key details of informational text (Gr 2)|secondary|Transportation song — practice identifying main ideas about vehicles
245|This is the Boat|Transportation, Water & Sea|CU#226|Language & Vocabulary|Describe people, places, things, events with relevant details (Gr 1)|secondary|Song about water/sea — practice descriptive language
245|This is the Boat|Transportation, Water & Sea|CU#256|Science & Nature|Evidence that Earth events can occur quickly or slowly (Gr 2)|secondary|Water/sea song — connects to Earth events
245|This is the Boat|Transportation, Water & Sea|CU#257|Science & Nature|Processes that shape the Earth - wind/water changing land (Gr 2)|primary|Water/sea song — connects to water shaping the land
246|Mister Moon / The Cuckoo |Animals, Seasons & Weather|CU#226|Language & Vocabulary|Describe people, places, things, events with relevant details (Gr 1)|secondary|Song about animals — practice describing animals with details
246|Mister Moon / The Cuckoo |Animals, Seasons & Weather|CU#248|Science & Nature|Plant/animal structures that help survival (Gr 1)|primary|Animal song — connects to animal structures and their functions
246|Mister Moon / The Cuckoo |Animals, Seasons & Weather|CU#253|Science & Nature|Habitats and Biodiversity (Gr 2)|secondary|Animal song — connects to where animals live (habitats)
246|Mister Moon / The Cuckoo |Animals, Seasons & Weather|CU#254|Science & Nature|Sun, Moon, and Star Patterns (Gr 1)|primary|Moon/sun/star song — directly connects to sky patterns
246|Mister Moon / The Cuckoo |Animals, Seasons & Weather|CU#255|Science & Nature|Seasonal Sunlight patterns (sunrise/sunset) (Gr 1)|secondary|Sun/moon song — connects to daily and seasonal sunlight changes
246|Mister Moon / The Cuckoo |Animals, Seasons & Weather|CU#256|Science & Nature|Evidence that Earth events can occur quickly or slowly (Gr 2)|secondary|Seasons/weather song — connects to rates of Earth events
247|The Moon is Round |Seasons & Weather|CU#254|Science & Nature|Sun, Moon, and Star Patterns (Gr 1)|primary|Moon/sun/star song — directly connects to sky patterns
247|The Moon is Round |Seasons & Weather|CU#255|Science & Nature|Seasonal Sunlight patterns (sunrise/sunset) (Gr 1)|secondary|Sun/moon song — connects to daily and seasonal sunlight changes
247|The Moon is Round |Seasons & Weather|CU#256|Science & Nature|Evidence that Earth events can occur quickly or slowly (Gr 2)|secondary|Seasons/weather song — connects to rates of Earth events
248|Maloney the Pony|Animals|CU#226|Language & Vocabulary|Describe people, places, things, events with relevant details (Gr 1)|secondary|Song about animals — practice describing animals with details
248|Maloney the Pony|Animals|CU#248|Science & Nature|Plant/animal structures that help survival (Gr 1)|primary|Animal song — connects to animal structures and their functions
248|Maloney the Pony|Animals|CU#253|Science & Nature|Habitats and Biodiversity (Gr 2)|secondary|Animal song — connects to where animals live (habitats)
250|Watch the Stars See How They Run|Dance & Movement, Seasons & Weather|CU#218|Gross Motor & Movement|Locomotor skills: running, jumping, hopping, skipping (Gr 1-2)|secondary|Movement song — connects to locomotor skills
250|Watch the Stars See How They Run|Dance & Movement, Seasons & Weather|CU#219|Gross Motor & Movement|Balance and body control (static and moving) (Gr 1-2)|secondary|Movement song — connects to body control
250|Watch the Stars See How They Run|Dance & Movement, Seasons & Weather|CU#222|Gross Motor & Movement|Following multi-step movement directions / spatial awareness (Gr 1-2)|secondary|Movement song — connects to following movement directions
250|Watch the Stars See How They Run|Dance & Movement, Seasons & Weather|CU#255|Science & Nature|Seasonal Sunlight patterns (sunrise/sunset) (Gr 1)|primary|Seasons song — connects to seasonal patterns
250|Watch the Stars See How They Run|Dance & Movement, Seasons & Weather|CU#256|Science & Nature|Evidence that Earth events can occur quickly or slowly (Gr 2)|secondary|Seasons/weather song — connects to rates of Earth events
252|I See the Moon|Seasons & Weather|CU#254|Science & Nature|Sun, Moon, and Star Patterns (Gr 1)|primary|Moon/sun/star song — directly connects to sky patterns
252|I See the Moon|Seasons & Weather|CU#255|Science & Nature|Seasonal Sunlight patterns (sunrise/sunset) (Gr 1)|secondary|Sun/moon song — connects to daily and seasonal sunlight changes
252|I See the Moon|Seasons & Weather|CU#256|Science & Nature|Evidence that Earth events can occur quickly or slowly (Gr 2)|secondary|Seasons/weather song — connects to rates of Earth events
255|Lavender's Blue |Bedtime & Lullaby, Nature & Plants|CU#248|Science & Nature|Plant/animal structures that help survival (Gr 1)|secondary|Nature song — connects to plant structures
255|Lavender's Blue |Bedtime & Lullaby, Nature & Plants|CU#251|Science & Nature|Environmental Plant Needs (Gr 2)|secondary|Nature song — connects to plant needs and growth
255|Lavender's Blue |Bedtime & Lullaby, Nature & Plants|CU#253|Science & Nature|Habitats and Biodiversity (Gr 2)|secondary|Nature song — connects to habitats and biodiversity
256|The Moonman|Seasons & Weather|CU#255|Science & Nature|Seasonal Sunlight patterns (sunrise/sunset) (Gr 1)|primary|Seasons song — connects to seasonal patterns
256|The Moonman|Seasons & Weather|CU#256|Science & Nature|Evidence that Earth events can occur quickly or slowly (Gr 2)|secondary|Seasons/weather song — connects to rates of Earth events
257|Snow Flakes|Seasons & Weather, Water & Sea|CU#226|Language & Vocabulary|Describe people, places, things, events with relevant details (Gr 1)|secondary|Song about water/sea — practice descriptive language
257|Snow Flakes|Seasons & Weather, Water & Sea|CU#255|Science & Nature|Seasonal Sunlight patterns (sunrise/sunset) (Gr 1)|primary|Seasonal song — connects to seasonal changes in sunlight
257|Snow Flakes|Seasons & Weather, Water & Sea|CU#256|Science & Nature|Evidence that Earth events can occur quickly or slowly (Gr 2)|secondary|Seasons/weather song — connects to rates of Earth events
257|Snow Flakes|Seasons & Weather, Water & Sea|CU#257|Science & Nature|Processes that shape the Earth - wind/water changing land (Gr 2)|primary|Water/sea song — connects to water shaping the land
258|Chubby Little Snowman|Seasons & Weather, Water & Sea|CU#226|Language & Vocabulary|Describe people, places, things, events with relevant details (Gr 1)|secondary|Song about water/sea — practice descriptive language
258|Chubby Little Snowman|Seasons & Weather, Water & Sea|CU#255|Science & Nature|Seasonal Sunlight patterns (sunrise/sunset) (Gr 1)|primary|Seasons song — connects to seasonal patterns
258|Chubby Little Snowman|Seasons & Weather, Water & Sea|CU#256|Science & Nature|Evidence that Earth events can occur quickly or slowly (Gr 2)|secondary|Seasons/weather song — connects to rates of Earth events
258|Chubby Little Snowman|Seasons & Weather, Water & Sea|CU#257|Science & Nature|Processes that shape the Earth - wind/water changing land (Gr 2)|primary|Water/sea song — connects to water shaping the land
259|It's Going to be a Long Winter|Seasons & Weather, Water & Sea|CU#226|Language & Vocabulary|Describe people, places, things, events with relevant details (Gr 1)|secondary|Song about water/sea — practice descriptive language
259|It's Going to be a Long Winter|Seasons & Weather, Water & Sea|CU#255|Science & Nature|Seasonal Sunlight patterns (sunrise/sunset) (Gr 1)|primary|Seasonal song — connects to seasonal changes in sunlight
259|It's Going to be a Long Winter|Seasons & Weather, Water & Sea|CU#256|Science & Nature|Evidence that Earth events can occur quickly or slowly (Gr 2)|secondary|Seasons/weather song — connects to rates of Earth events
259|It's Going to be a Long Winter|Seasons & Weather, Water & Sea|CU#257|Science & Nature|Processes that shape the Earth - wind/water changing land (Gr 2)|primary|Water/sea song — connects to water shaping the land
260|Snow On the Rooftops|Seasons & Weather, Water & Sea|CU#226|Language & Vocabulary|Describe people, places, things, events with relevant details (Gr 1)|secondary|Song about water/sea — practice descriptive language
260|Snow On the Rooftops|Seasons & Weather, Water & Sea|CU#255|Science & Nature|Seasonal Sunlight patterns (sunrise/sunset) (Gr 1)|primary|Seasonal song — connects to seasonal changes in sunlight
260|Snow On the Rooftops|Seasons & Weather, Water & Sea|CU#256|Science & Nature|Evidence that Earth events can occur quickly or slowly (Gr 2)|secondary|Seasons/weather song — connects to rates of Earth events
260|Snow On the Rooftops|Seasons & Weather, Water & Sea|CU#257|Science & Nature|Processes that shape the Earth - wind/water changing land (Gr 2)|primary|Water/sea song — connects to water shaping the land
261|Rum Tum Tiddle|Music & Instruments|CU#210|Routines & Transitions|Following 2-3 step verbal directions (Gr 1-2)|secondary|Instrument song — following directions to play/move instruments
261|Rum Tum Tiddle|Music & Instruments|CU#221|Gross Motor & Movement|Moving to rhythm and tempo (Gr 1-2)|secondary|Music song — connects to rhythm and steady beat
261|Rum Tum Tiddle|Music & Instruments|CU#240|Science & Nature|Sound and Vibrating Materials (Gr 1)|primary|Music/instrument song — connects to how instruments make sound
263|Plum pudding|Food & Cooking, Nature & Plants|CU#248|Science & Nature|Plant/animal structures that help survival (Gr 1)|secondary|Nature song — connects to plant structures
263|Plum pudding|Food & Cooking, Nature & Plants|CU#251|Science & Nature|Environmental Plant Needs (Gr 2)|secondary|Nature song — connects to plant needs and growth
263|Plum pudding|Food & Cooking, Nature & Plants|CU#253|Science & Nature|Habitats and Biodiversity (Gr 2)|secondary|Nature song — connects to habitats and biodiversity
264|Our Turkey Ran Away|Animals|CU#226|Language & Vocabulary|Describe people, places, things, events with relevant details (Gr 1)|secondary|Song about animals — practice describing animals with details
264|Our Turkey Ran Away|Animals|CU#248|Science & Nature|Plant/animal structures that help survival (Gr 1)|primary|Farm/bird song — connects to animal structures and survival
264|Our Turkey Ran Away|Animals|CU#252|Science & Nature|Seed Dispersal and Pollination (Gr 2)|secondary|Bee/bird song — connects to pollination and seed dispersal
267|Big Belly Ben|Body Parts|CU#219|Gross Motor & Movement|Balance and body control (static and moving) (Gr 1-2)|primary|Body parts song — connects to body awareness and control
267|Big Belly Ben|Body Parts|CU#221|Gross Motor & Movement|Moving to rhythm and tempo (Gr 1-2)|secondary|Body parts song — often sung with rhythmic movements
267|Big Belly Ben|Body Parts|CU#222|Gross Motor & Movement|Following multi-step movement directions / spatial awareness (Gr 1-2)|secondary|Body parts song — follows directions to move specific body parts
268|Ring, ring, ring your Bells|Holidays & Celebrations, Music & Instruments|CU#210|Routines & Transitions|Following 2-3 step verbal directions (Gr 1-2)|secondary|Instrument song — following directions to play/move instruments
268|Ring, ring, ring your Bells|Holidays & Celebrations, Music & Instruments|CU#221|Gross Motor & Movement|Moving to rhythm and tempo (Gr 1-2)|secondary|Music song — connects to rhythm and steady beat
268|Ring, ring, ring your Bells|Holidays & Celebrations, Music & Instruments|CU#240|Science & Nature|Sound and Vibrating Materials (Gr 1)|primary|Music/instrument song — connects to how instruments make sound
270|Almost Day|Seasons & Weather, Water & Sea|CU#226|Language & Vocabulary|Describe people, places, things, events with relevant details (Gr 1)|secondary|Song about water/sea — practice descriptive language
270|Almost Day|Seasons & Weather, Water & Sea|CU#255|Science & Nature|Seasonal Sunlight patterns (sunrise/sunset) (Gr 1)|primary|Seasons song — connects to seasonal patterns
270|Almost Day|Seasons & Weather, Water & Sea|CU#256|Science & Nature|Evidence that Earth events can occur quickly or slowly (Gr 2)|secondary|Seasons/weather song — connects to rates of Earth events
270|Almost Day|Seasons & Weather, Water & Sea|CU#257|Science & Nature|Processes that shape the Earth - wind/water changing land (Gr 2)|primary|Water/sea song — connects to water shaping the land
271|There was a Pig Went out to Dig|Animals|CU#226|Language & Vocabulary|Describe people, places, things, events with relevant details (Gr 1)|secondary|Song about animals — practice describing animals with details
271|There was a Pig Went out to Dig|Animals|CU#248|Science & Nature|Plant/animal structures that help survival (Gr 1)|primary|Animal song — connects to animal structures and their functions
271|There was a Pig Went out to Dig|Animals|CU#253|Science & Nature|Habitats and Biodiversity (Gr 2)|secondary|Animal song — connects to where animals live (habitats)
274|reindeer|Animals, Holidays & Celebrations|CU#226|Language & Vocabulary|Describe people, places, things, events with relevant details (Gr 1)|secondary|Song about animals — practice describing animals with details
274|reindeer|Animals, Holidays & Celebrations|CU#248|Science & Nature|Plant/animal structures that help survival (Gr 1)|primary|Animal song — connects to animal structures and their functions
274|reindeer|Animals, Holidays & Celebrations|CU#253|Science & Nature|Habitats and Biodiversity (Gr 2)|secondary|Animal song — connects to where animals live (habitats)
280|The Solstice Song|Music & Instruments, Seasons & Weather|CU#210|Routines & Transitions|Following 2-3 step verbal directions (Gr 1-2)|secondary|Instrument song — following directions to play/move instruments
280|The Solstice Song|Music & Instruments, Seasons & Weather|CU#221|Gross Motor & Movement|Moving to rhythm and tempo (Gr 1-2)|secondary|Music song — connects to rhythm and steady beat
280|The Solstice Song|Music & Instruments, Seasons & Weather|CU#240|Science & Nature|Sound and Vibrating Materials (Gr 1)|primary|Music/instrument song — connects to how instruments make sound
280|The Solstice Song|Music & Instruments, Seasons & Weather|CU#255|Science & Nature|Seasonal Sunlight patterns (sunrise/sunset) (Gr 1)|primary|Seasonal song — connects to seasonal changes in sunlight
280|The Solstice Song|Music & Instruments, Seasons & Weather|CU#256|Science & Nature|Evidence that Earth events can occur quickly or slowly (Gr 2)|secondary|Seasons/weather song — connects to rates of Earth events
284|I love to Hear the Sounds|Feelings & Emotions, Music & Instruments|CU#210|Routines & Transitions|Following 2-3 step verbal directions (Gr 1-2)|secondary|Instrument song — following directions to play/move instruments
284|I love to Hear the Sounds|Feelings & Emotions, Music & Instruments|CU#221|Gross Motor & Movement|Moving to rhythm and tempo (Gr 1-2)|secondary|Music song — connects to rhythm and steady beat
284|I love to Hear the Sounds|Feelings & Emotions, Music & Instruments|CU#240|Science & Nature|Sound and Vibrating Materials (Gr 1)|primary|Music/instrument song — connects to how instruments make sound
285|Aikendrum|Music & Instruments|CU#210|Routines & Transitions|Following 2-3 step verbal directions (Gr 1-2)|secondary|Instrument song — following directions to play/move instruments
285|Aikendrum|Music & Instruments|CU#221|Gross Motor & Movement|Moving to rhythm and tempo (Gr 1-2)|secondary|Music song — connects to rhythm and steady beat
285|Aikendrum|Music & Instruments|CU#240|Science & Nature|Sound and Vibrating Materials (Gr 1)|primary|Music/instrument song — connects to how instruments make sound
286|I'm tapping on my sticks |Music & Instruments|CU#210|Routines & Transitions|Following 2-3 step verbal directions (Gr 1-2)|secondary|Instrument song — following directions to play/move instruments
286|I'm tapping on my sticks |Music & Instruments|CU#221|Gross Motor & Movement|Moving to rhythm and tempo (Gr 1-2)|secondary|Music song — connects to rhythm and steady beat
286|I'm tapping on my sticks |Music & Instruments|CU#240|Science & Nature|Sound and Vibrating Materials (Gr 1)|primary|Music/instrument song — connects to how instruments make sound
288|Bow Wow Wow|Music & Instruments|CU#210|Routines & Transitions|Following 2-3 step verbal directions (Gr 1-2)|secondary|Instrument song — following directions to play/move instruments
288|Bow Wow Wow|Music & Instruments|CU#221|Gross Motor & Movement|Moving to rhythm and tempo (Gr 1-2)|secondary|Music song — connects to rhythm and steady beat
288|Bow Wow Wow|Music & Instruments|CU#240|Science & Nature|Sound and Vibrating Materials (Gr 1)|primary|Music/instrument song — connects to how instruments make sound
289|I have a little Hammer and I Tap tap tap|Music & Instruments|CU#210|Routines & Transitions|Following 2-3 step verbal directions (Gr 1-2)|secondary|Instrument song — following directions to play/move instruments
289|I have a little Hammer and I Tap tap tap|Music & Instruments|CU#221|Gross Motor & Movement|Moving to rhythm and tempo (Gr 1-2)|secondary|Music song — connects to rhythm and steady beat
289|I have a little Hammer and I Tap tap tap|Music & Instruments|CU#240|Science & Nature|Sound and Vibrating Materials (Gr 1)|primary|Music/instrument song — connects to how instruments make sound
293|1,2,3,4, Jingle at the cottage door|Music & Instruments, Numbers & Counting|CU#210|Routines & Transitions|Following 2-3 step verbal directions (Gr 1-2)|secondary|Instrument song — following directions to play/move instruments
293|1,2,3,4, Jingle at the cottage door|Music & Instruments, Numbers & Counting|CU#221|Gross Motor & Movement|Moving to rhythm and tempo (Gr 1-2)|secondary|Music song — connects to rhythm and steady beat
293|1,2,3,4, Jingle at the cottage door|Music & Instruments, Numbers & Counting|CU#240|Science & Nature|Sound and Vibrating Materials (Gr 1)|primary|Music/instrument song — connects to how instruments make sound
294|Oh Children Ring Your Bells|Music & Instruments|CU#210|Routines & Transitions|Following 2-3 step verbal directions (Gr 1-2)|secondary|Instrument song — following directions to play/move instruments
294|Oh Children Ring Your Bells|Music & Instruments|CU#221|Gross Motor & Movement|Moving to rhythm and tempo (Gr 1-2)|secondary|Music song — connects to rhythm and steady beat
294|Oh Children Ring Your Bells|Music & Instruments|CU#240|Science & Nature|Sound and Vibrating Materials (Gr 1)|primary|Music/instrument song — connects to how instruments make sound
295|Ring them on the floor (Jimmy Crack Corn)|Farm, Music & Instruments, Seasons & Weather|CU#210|Routines & Transitions|Following 2-3 step verbal directions (Gr 1-2)|secondary|Instrument song — following directions to play/move instruments
295|Ring them on the floor (Jimmy Crack Corn)|Farm, Music & Instruments, Seasons & Weather|CU#221|Gross Motor & Movement|Moving to rhythm and tempo (Gr 1-2)|secondary|Music song — connects to rhythm and steady beat
295|Ring them on the floor (Jimmy Crack Corn)|Farm, Music & Instruments, Seasons & Weather|CU#226|Language & Vocabulary|Describe people, places, things, events with relevant details (Gr 1)|secondary|Farm song — practice describing farm life
295|Ring them on the floor (Jimmy Crack Corn)|Farm, Music & Instruments, Seasons & Weather|CU#240|Science & Nature|Sound and Vibrating Materials (Gr 1)|primary|Music/instrument song — connects to how instruments make sound
295|Ring them on the floor (Jimmy Crack Corn)|Farm, Music & Instruments, Seasons & Weather|CU#248|Science & Nature|Plant/animal structures that help survival (Gr 1)|primary|Farm song — connects to farm animal structures
295|Ring them on the floor (Jimmy Crack Corn)|Farm, Music & Instruments, Seasons & Weather|CU#250|Science & Nature|Plant and Animal Structures - offspring resemble parents (Gr 1)|primary|Farm song — connects to farm animal families/offspring
295|Ring them on the floor (Jimmy Crack Corn)|Farm, Music & Instruments, Seasons & Weather|CU#251|Science & Nature|Environmental Plant Needs (Gr 2)|secondary|Farm song — connects to growing food/plants on a farm
295|Ring them on the floor (Jimmy Crack Corn)|Farm, Music & Instruments, Seasons & Weather|CU#253|Science & Nature|Habitats and Biodiversity (Gr 2)|secondary|Farm song — farm as a habitat for animals and plants
295|Ring them on the floor (Jimmy Crack Corn)|Farm, Music & Instruments, Seasons & Weather|CU#255|Science & Nature|Seasonal Sunlight patterns (sunrise/sunset) (Gr 1)|primary|Seasons song — connects to seasonal patterns
295|Ring them on the floor (Jimmy Crack Corn)|Farm, Music & Instruments, Seasons & Weather|CU#256|Science & Nature|Evidence that Earth events can occur quickly or slowly (Gr 2)|secondary|Seasons/weather song — connects to rates of Earth events
296|Ride a Cock Horse|Animals, Transportation|CU#222|Gross Motor & Movement|Following multi-step movement directions / spatial awareness (Gr 1-2)|secondary|Movement song about vehicles — spatial and directional awareness
296|Ride a Cock Horse|Animals, Transportation|CU#226|Language & Vocabulary|Describe people, places, things, events with relevant details (Gr 1)|secondary|Song about animals — practice describing animals with details
296|Ride a Cock Horse|Animals, Transportation|CU#248|Science & Nature|Plant/animal structures that help survival (Gr 1)|primary|Animal song — connects to animal structures and their functions
296|Ride a Cock Horse|Animals, Transportation|CU#253|Science & Nature|Habitats and Biodiversity (Gr 2)|secondary|Animal song — connects to where animals live (habitats)
297|Bell Horses|Music & Instruments, Numbers & Counting|CU#210|Routines & Transitions|Following 2-3 step verbal directions (Gr 1-2)|secondary|Instrument song — following directions to play/move instruments
297|Bell Horses|Music & Instruments, Numbers & Counting|CU#221|Gross Motor & Movement|Moving to rhythm and tempo (Gr 1-2)|secondary|Music song — connects to rhythm and steady beat
297|Bell Horses|Music & Instruments, Numbers & Counting|CU#240|Science & Nature|Sound and Vibrating Materials (Gr 1)|primary|Music/instrument song — connects to how instruments make sound
298|We can play on our violins|Music & Instruments|CU#210|Routines & Transitions|Following 2-3 step verbal directions (Gr 1-2)|secondary|Instrument song — following directions to play/move instruments
298|We can play on our violins|Music & Instruments|CU#221|Gross Motor & Movement|Moving to rhythm and tempo (Gr 1-2)|secondary|Music song — connects to rhythm and steady beat
298|We can play on our violins|Music & Instruments|CU#240|Science & Nature|Sound and Vibrating Materials (Gr 1)|primary|Music/instrument song — connects to how instruments make sound
299|Shake your shakers slowly|Music & Instruments|CU#210|Routines & Transitions|Following 2-3 step verbal directions (Gr 1-2)|secondary|Instrument song — following directions to play/move instruments
299|Shake your shakers slowly|Music & Instruments|CU#221|Gross Motor & Movement|Moving to rhythm and tempo (Gr 1-2)|secondary|Music song — connects to rhythm and steady beat
299|Shake your shakers slowly|Music & Instruments|CU#240|Science & Nature|Sound and Vibrating Materials (Gr 1)|primary|Music/instrument song — connects to how instruments make sound
300|We're Going to the Market|Music & Instruments|CU#210|Routines & Transitions|Following 2-3 step verbal directions (Gr 1-2)|secondary|Instrument song — following directions to play/move instruments
300|We're Going to the Market|Music & Instruments|CU#221|Gross Motor & Movement|Moving to rhythm and tempo (Gr 1-2)|secondary|Music song — connects to rhythm and steady beat
300|We're Going to the Market|Music & Instruments|CU#240|Science & Nature|Sound and Vibrating Materials (Gr 1)|primary|Music/instrument song — connects to how instruments make sound
301|I am a Fine Musician|Music & Instruments|CU#210|Routines & Transitions|Following 2-3 step verbal directions (Gr 1-2)|secondary|Instrument song — following directions to play/move instruments
301|I am a Fine Musician|Music & Instruments|CU#221|Gross Motor & Movement|Moving to rhythm and tempo (Gr 1-2)|secondary|Music song — connects to rhythm and steady beat
301|I am a Fine Musician|Music & Instruments|CU#240|Science & Nature|Sound and Vibrating Materials (Gr 1)|primary|Music/instrument song — connects to how instruments make sound
303|We're walking walking walking|Music & Instruments|CU#210|Routines & Transitions|Following 2-3 step verbal directions (Gr 1-2)|secondary|Instrument song — following directions to play/move instruments
303|We're walking walking walking|Music & Instruments|CU#221|Gross Motor & Movement|Moving to rhythm and tempo (Gr 1-2)|secondary|Music song — connects to rhythm and steady beat
303|We're walking walking walking|Music & Instruments|CU#240|Science & Nature|Sound and Vibrating Materials (Gr 1)|primary|Music/instrument song — connects to how instruments make sound
304|Old MacDonald's band|Music & Instruments|CU#210|Routines & Transitions|Following 2-3 step verbal directions (Gr 1-2)|secondary|Instrument song — following directions to play/move instruments
304|Old MacDonald's band|Music & Instruments|CU#221|Gross Motor & Movement|Moving to rhythm and tempo (Gr 1-2)|secondary|Music song — connects to rhythm and steady beat
304|Old MacDonald's band|Music & Instruments|CU#240|Science & Nature|Sound and Vibrating Materials (Gr 1)|primary|Music/instrument song — connects to how instruments make sound
308|Put on My Dancing Shoes|Dance & Movement|CU#219|Gross Motor & Movement|Balance and body control (static and moving) (Gr 1-2)|secondary|Movement song — connects to body control
308|Put on My Dancing Shoes|Dance & Movement|CU#221|Gross Motor & Movement|Moving to rhythm and tempo (Gr 1-2)|primary|Dance/movement song — connects to moving with rhythm
308|Put on My Dancing Shoes|Dance & Movement|CU#222|Gross Motor & Movement|Following multi-step movement directions / spatial awareness (Gr 1-2)|secondary|Movement song — connects to following movement directions
309|How shall we March|Dance & Movement|CU#218|Gross Motor & Movement|Locomotor skills: running, jumping, hopping, skipping (Gr 1-2)|secondary|Movement song — connects to locomotor skills
309|How shall we March|Dance & Movement|CU#219|Gross Motor & Movement|Balance and body control (static and moving) (Gr 1-2)|secondary|Movement song — connects to body control
309|How shall we March|Dance & Movement|CU#222|Gross Motor & Movement|Following multi-step movement directions / spatial awareness (Gr 1-2)|secondary|Movement song — connects to following movement directions
312|Mice Rhymes|Animals|CU#226|Language & Vocabulary|Describe people, places, things, events with relevant details (Gr 1)|secondary|Song about animals — practice describing animals with details
312|Mice Rhymes|Animals|CU#248|Science & Nature|Plant/animal structures that help survival (Gr 1)|primary|Animal song — connects to animal structures and their functions
312|Mice Rhymes|Animals|CU#253|Science & Nature|Habitats and Biodiversity (Gr 2)|secondary|Animal song — connects to where animals live (habitats)
313|Motorcycle Ride|Transportation|CU#222|Gross Motor & Movement|Following multi-step movement directions / spatial awareness (Gr 1-2)|secondary|Movement song about vehicles — spatial and directional awareness
313|Motorcycle Ride|Transportation|CU#226|Language & Vocabulary|Describe people, places, things, events with relevant details (Gr 1)|primary|Transportation song — practice describing vehicles and travel
315|Clap your Hands |Body Parts|CU#214|Fine Motor Skills|Pencil grip and letter formation (Gr 1-2)|secondary|Fingerplay song — strengthens finger muscles for writing
315|Clap your Hands |Body Parts|CU#217|Fine Motor Skills|Drawing with increasing detail and control (Gr 1-2)|secondary|Fingerplay song — develops fine motor control
315|Clap your Hands |Body Parts|CU#219|Gross Motor & Movement|Balance and body control (static and moving) (Gr 1-2)|primary|Body parts song — connects to body awareness and control
315|Clap your Hands |Body Parts|CU#221|Gross Motor & Movement|Moving to rhythm and tempo (Gr 1-2)|secondary|Body parts song — often sung with rhythmic movements
316|Toe Tittly|Body Parts|CU#219|Gross Motor & Movement|Balance and body control (static and moving) (Gr 1-2)|primary|Body parts song — connects to body awareness and control
316|Toe Tittly|Body Parts|CU#221|Gross Motor & Movement|Moving to rhythm and tempo (Gr 1-2)|secondary|Body parts song — often sung with rhythmic movements
316|Toe Tittly|Body Parts|CU#222|Gross Motor & Movement|Following multi-step movement directions / spatial awareness (Gr 1-2)|secondary|Body parts song — follows directions to move specific body parts
317|The Truck Song|Music & Instruments, Transportation|CU#190|Literacy & Phonics|Identify main topic and key details of informational text (Gr 2)|secondary|Transportation song — practice identifying main ideas about vehicles
317|The Truck Song|Music & Instruments, Transportation|CU#210|Routines & Transitions|Following 2-3 step verbal directions (Gr 1-2)|secondary|Instrument song — following directions to play/move instruments
317|The Truck Song|Music & Instruments, Transportation|CU#221|Gross Motor & Movement|Moving to rhythm and tempo (Gr 1-2)|secondary|Music song — connects to rhythm and steady beat
317|The Truck Song|Music & Instruments, Transportation|CU#226|Language & Vocabulary|Describe people, places, things, events with relevant details (Gr 1)|primary|Transportation song — practice describing vehicles and travel
317|The Truck Song|Music & Instruments, Transportation|CU#240|Science & Nature|Sound and Vibrating Materials (Gr 1)|primary|Music/instrument song — connects to how instruments make sound
318|The Train Wheels are Rolling|Transportation|CU#190|Literacy & Phonics|Identify main topic and key details of informational text (Gr 2)|secondary|Transportation song — practice identifying main ideas about vehicles
318|The Train Wheels are Rolling|Transportation|CU#226|Language & Vocabulary|Describe people, places, things, events with relevant details (Gr 1)|primary|Transportation song — practice describing vehicles and travel
319|Sally Go Round the Sun|Seasons & Weather|CU#254|Science & Nature|Sun, Moon, and Star Patterns (Gr 1)|primary|Moon/sun/star song — directly connects to sky patterns
319|Sally Go Round the Sun|Seasons & Weather|CU#255|Science & Nature|Seasonal Sunlight patterns (sunrise/sunset) (Gr 1)|secondary|Sun/moon song — connects to daily and seasonal sunlight changes
319|Sally Go Round the Sun|Seasons & Weather|CU#256|Science & Nature|Evidence that Earth events can occur quickly or slowly (Gr 2)|secondary|Seasons/weather song — connects to rates of Earth events
320|Pterodactyl Song|Animals, Music & Instruments|CU#210|Routines & Transitions|Following 2-3 step verbal directions (Gr 1-2)|secondary|Instrument song — following directions to play/move instruments
320|Pterodactyl Song|Animals, Music & Instruments|CU#221|Gross Motor & Movement|Moving to rhythm and tempo (Gr 1-2)|secondary|Music song — connects to rhythm and steady beat
320|Pterodactyl Song|Animals, Music & Instruments|CU#226|Language & Vocabulary|Describe people, places, things, events with relevant details (Gr 1)|secondary|Song about animals — practice describing animals with details
320|Pterodactyl Song|Animals, Music & Instruments|CU#240|Science & Nature|Sound and Vibrating Materials (Gr 1)|primary|Music/instrument song — connects to how instruments make sound
320|Pterodactyl Song|Animals, Music & Instruments|CU#248|Science & Nature|Plant/animal structures that help survival (Gr 1)|primary|Animal song — connects to animal structures and their functions
320|Pterodactyl Song|Animals, Music & Instruments|CU#253|Science & Nature|Habitats and Biodiversity (Gr 2)|secondary|Animal song — connects to where animals live (habitats)
320|Pterodactyl Song|Animals, Music & Instruments|CU#256|Science & Nature|Evidence that Earth events can occur quickly or slowly (Gr 2)|primary|Prehistoric animal song — connects to extinction as an Earth event
322|A Chubby Little Snowman? Voici in ...|Seasons & Weather, Water & Sea|CU#226|Language & Vocabulary|Describe people, places, things, events with relevant details (Gr 1)|secondary|Song about water/sea — practice descriptive language
322|A Chubby Little Snowman? Voici in ...|Seasons & Weather, Water & Sea|CU#255|Science & Nature|Seasonal Sunlight patterns (sunrise/sunset) (Gr 1)|primary|Seasons song — connects to seasonal patterns
322|A Chubby Little Snowman? Voici in ...|Seasons & Weather, Water & Sea|CU#256|Science & Nature|Evidence that Earth events can occur quickly or slowly (Gr 2)|secondary|Seasons/weather song — connects to rates of Earth events
322|A Chubby Little Snowman? Voici in ...|Seasons & Weather, Water & Sea|CU#257|Science & Nature|Processes that shape the Earth - wind/water changing land (Gr 2)|primary|Water/sea song — connects to water shaping the land
323|Snow On the Rooftops|Seasons & Weather|CU#255|Science & Nature|Seasonal Sunlight patterns (sunrise/sunset) (Gr 1)|primary|Seasonal song — connects to seasonal changes in sunlight
323|Snow On the Rooftops|Seasons & Weather|CU#256|Science & Nature|Evidence that Earth events can occur quickly or slowly (Gr 2)|secondary|Seasons/weather song — connects to rates of Earth events
324|Snowflakes|Seasons & Weather, Water & Sea|CU#226|Language & Vocabulary|Describe people, places, things, events with relevant details (Gr 1)|secondary|Song about water/sea — practice descriptive language
324|Snowflakes|Seasons & Weather, Water & Sea|CU#255|Science & Nature|Seasonal Sunlight patterns (sunrise/sunset) (Gr 1)|primary|Seasons song — connects to seasonal patterns
324|Snowflakes|Seasons & Weather, Water & Sea|CU#256|Science & Nature|Evidence that Earth events can occur quickly or slowly (Gr 2)|secondary|Seasons/weather song — connects to rates of Earth events
324|Snowflakes|Seasons & Weather, Water & Sea|CU#257|Science & Nature|Processes that shape the Earth - wind/water changing land (Gr 2)|primary|Water/sea song — connects to water shaping the land
325|Spring is Coming|Seasons & Weather, Water & Sea|CU#226|Language & Vocabulary|Describe people, places, things, events with relevant details (Gr 1)|secondary|Song about water/sea — practice descriptive language
325|Spring is Coming|Seasons & Weather, Water & Sea|CU#255|Science & Nature|Seasonal Sunlight patterns (sunrise/sunset) (Gr 1)|primary|Seasonal song — connects to seasonal changes in sunlight
325|Spring is Coming|Seasons & Weather, Water & Sea|CU#256|Science & Nature|Evidence that Earth events can occur quickly or slowly (Gr 2)|secondary|Seasons/weather song — connects to rates of Earth events
325|Spring is Coming|Seasons & Weather, Water & Sea|CU#257|Science & Nature|Processes that shape the Earth - wind/water changing land (Gr 2)|primary|Water/sea song — connects to water shaping the land
326|Welcome Summer|Seasons & Weather, Water & Sea|CU#226|Language & Vocabulary|Describe people, places, things, events with relevant details (Gr 1)|secondary|Song about water/sea — practice descriptive language
326|Welcome Summer|Seasons & Weather, Water & Sea|CU#255|Science & Nature|Seasonal Sunlight patterns (sunrise/sunset) (Gr 1)|primary|Seasonal song — connects to seasonal changes in sunlight
326|Welcome Summer|Seasons & Weather, Water & Sea|CU#256|Science & Nature|Evidence that Earth events can occur quickly or slowly (Gr 2)|secondary|Seasons/weather song — connects to rates of Earth events
326|Welcome Summer|Seasons & Weather, Water & Sea|CU#257|Science & Nature|Processes that shape the Earth - wind/water changing land (Gr 2)|primary|Water/sea song — connects to water shaping the land
328|The Pie Song|Food & Cooking, Music & Instruments|CU#210|Routines & Transitions|Following 2-3 step verbal directions (Gr 1-2)|secondary|Instrument song — following directions to play/move instruments
328|The Pie Song|Food & Cooking, Music & Instruments|CU#221|Gross Motor & Movement|Moving to rhythm and tempo (Gr 1-2)|secondary|Music song — connects to rhythm and steady beat
328|The Pie Song|Food & Cooking, Music & Instruments|CU#240|Science & Nature|Sound and Vibrating Materials (Gr 1)|primary|Music/instrument song — connects to how instruments make sound
329|Keeper of the Bees|Animals|CU#226|Language & Vocabulary|Describe people, places, things, events with relevant details (Gr 1)|secondary|Song about animals — practice describing animals with details
329|Keeper of the Bees|Animals|CU#252|Science & Nature|Seed Dispersal and Pollination (Gr 2)|secondary|Bee/bird song — connects to pollination and seed dispersal
330|What will we Do|Animals|CU#226|Language & Vocabulary|Describe people, places, things, events with relevant details (Gr 1)|secondary|Song about animals — practice describing animals with details
330|What will we Do|Animals|CU#252|Science & Nature|Seed Dispersal and Pollination (Gr 2)|secondary|Bee/bird song — connects to pollination and seed dispersal
332|Glory to the Mountain|Nature & Plants|CU#248|Science & Nature|Plant/animal structures that help survival (Gr 1)|secondary|Nature song — connects to plant structures
332|Glory to the Mountain|Nature & Plants|CU#251|Science & Nature|Environmental Plant Needs (Gr 2)|secondary|Nature song — connects to plant needs and growth
332|Glory to the Mountain|Nature & Plants|CU#253|Science & Nature|Habitats and Biodiversity (Gr 2)|secondary|Nature song — connects to habitats and biodiversity
332|Glory to the Mountain|Nature & Plants|CU#257|Science & Nature|Processes that shape the Earth - wind/water changing land (Gr 2)|secondary|Landscape song — connects to Earth surface processes
333|We're Jumping|Dance & Movement|CU#219|Gross Motor & Movement|Balance and body control (static and moving) (Gr 1-2)|secondary|Movement song — connects to body control
333|We're Jumping|Dance & Movement|CU#221|Gross Motor & Movement|Moving to rhythm and tempo (Gr 1-2)|primary|Dance/movement song — connects to moving with rhythm
333|We're Jumping|Dance & Movement|CU#222|Gross Motor & Movement|Following multi-step movement directions / spatial awareness (Gr 1-2)|secondary|Movement song — connects to following movement directions
334|Pony Rides|Animals|CU#226|Language & Vocabulary|Describe people, places, things, events with relevant details (Gr 1)|secondary|Song about animals — practice describing animals with details
334|Pony Rides|Animals|CU#248|Science & Nature|Plant/animal structures that help survival (Gr 1)|primary|Animal song — connects to animal structures and their functions
334|Pony Rides|Animals|CU#253|Science & Nature|Habitats and Biodiversity (Gr 2)|secondary|Animal song — connects to where animals live (habitats)
337|Baby's Boat|Family, Water & Sea|CU#226|Language & Vocabulary|Describe people, places, things, events with relevant details (Gr 1)|secondary|Song about water/sea — practice descriptive language
337|Baby's Boat|Family, Water & Sea|CU#256|Science & Nature|Evidence that Earth events can occur quickly or slowly (Gr 2)|secondary|Water/sea song — connects to Earth events
337|Baby's Boat|Family, Water & Sea|CU#257|Science & Nature|Processes that shape the Earth - wind/water changing land (Gr 2)|primary|Water/sea song — connects to water shaping the land
339|Great Big Star|Seasons & Weather|CU#254|Science & Nature|Sun, Moon, and Star Patterns (Gr 1)|primary|Moon/sun/star song — directly connects to sky patterns
339|Great Big Star|Seasons & Weather|CU#255|Science & Nature|Seasonal Sunlight patterns (sunrise/sunset) (Gr 1)|secondary|Sun/moon song — connects to daily and seasonal sunlight changes
339|Great Big Star|Seasons & Weather|CU#256|Science & Nature|Evidence that Earth events can occur quickly or slowly (Gr 2)|secondary|Seasons/weather song — connects to rates of Earth events
340|When Its Autumn|Nature & Plants, Seasons & Weather, Water & Sea|CU#226|Language & Vocabulary|Describe people, places, things, events with relevant details (Gr 1)|secondary|Song about water/sea — practice descriptive language
340|When Its Autumn|Nature & Plants, Seasons & Weather, Water & Sea|CU#248|Science & Nature|Plant/animal structures that help survival (Gr 1)|secondary|Nature song — connects to plant structures
340|When Its Autumn|Nature & Plants, Seasons & Weather, Water & Sea|CU#251|Science & Nature|Environmental Plant Needs (Gr 2)|secondary|Nature song — connects to plant needs and growth
340|When Its Autumn|Nature & Plants, Seasons & Weather, Water & Sea|CU#253|Science & Nature|Habitats and Biodiversity (Gr 2)|secondary|Nature song — connects to habitats and biodiversity
340|When Its Autumn|Nature & Plants, Seasons & Weather, Water & Sea|CU#255|Science & Nature|Seasonal Sunlight patterns (sunrise/sunset) (Gr 1)|primary|Seasonal song — connects to seasonal changes in sunlight
340|When Its Autumn|Nature & Plants, Seasons & Weather, Water & Sea|CU#256|Science & Nature|Evidence that Earth events can occur quickly or slowly (Gr 2)|secondary|Seasons/weather song — connects to rates of Earth events
340|When Its Autumn|Nature & Plants, Seasons & Weather, Water & Sea|CU#257|Science & Nature|Processes that shape the Earth - wind/water changing land (Gr 2)|primary|Water/sea song — connects to water shaping the land
341|Glorious Day|Feelings & Emotions, Seasons & Weather|CU#255|Science & Nature|Seasonal Sunlight patterns (sunrise/sunset) (Gr 1)|primary|Seasons song — connects to seasonal patterns
341|Glorious Day|Feelings & Emotions, Seasons & Weather|CU#256|Science & Nature|Evidence that Earth events can occur quickly or slowly (Gr 2)|secondary|Seasons/weather song — connects to rates of Earth events
342|Walk Old  Squirrel|Animals, Dance & Movement, Nature & Plants|CU#218|Gross Motor & Movement|Locomotor skills: running, jumping, hopping, skipping (Gr 1-2)|secondary|Movement song — connects to locomotor skills
342|Walk Old  Squirrel|Animals, Dance & Movement, Nature & Plants|CU#219|Gross Motor & Movement|Balance and body control (static and moving) (Gr 1-2)|secondary|Movement song — connects to body control
342|Walk Old  Squirrel|Animals, Dance & Movement, Nature & Plants|CU#222|Gross Motor & Movement|Following multi-step movement directions / spatial awareness (Gr 1-2)|secondary|Movement song — connects to following movement directions
342|Walk Old  Squirrel|Animals, Dance & Movement, Nature & Plants|CU#248|Science & Nature|Plant/animal structures that help survival (Gr 1)|primary|Animal song — connects to animal structures and their functions
342|Walk Old  Squirrel|Animals, Dance & Movement, Nature & Plants|CU#251|Science & Nature|Environmental Plant Needs (Gr 2)|secondary|Nature song — connects to plant needs and growth
342|Walk Old  Squirrel|Animals, Dance & Movement, Nature & Plants|CU#253|Science & Nature|Habitats and Biodiversity (Gr 2)|secondary|Animal song — connects to where animals live (habitats)
343|Gray Squirrel|Animals|CU#226|Language & Vocabulary|Describe people, places, things, events with relevant details (Gr 1)|secondary|Song about animals — practice describing animals with details
343|Gray Squirrel|Animals|CU#248|Science & Nature|Plant/animal structures that help survival (Gr 1)|primary|Animal song — connects to animal structures and their functions
343|Gray Squirrel|Animals|CU#253|Science & Nature|Habitats and Biodiversity (Gr 2)|secondary|Animal song — connects to where animals live (habitats)
344|The Gate Swings Open|Animals|CU#226|Language & Vocabulary|Describe people, places, things, events with relevant details (Gr 1)|secondary|Song about animals — practice describing animals with details
344|The Gate Swings Open|Animals|CU#248|Science & Nature|Plant/animal structures that help survival (Gr 1)|primary|Animal song — connects to animal structures and their functions
344|The Gate Swings Open|Animals|CU#253|Science & Nature|Habitats and Biodiversity (Gr 2)|secondary|Animal song — connects to where animals live (habitats)
345|The Turkey is a funny bird|Animals|CU#226|Language & Vocabulary|Describe people, places, things, events with relevant details (Gr 1)|secondary|Song about animals — practice describing animals with details
345|The Turkey is a funny bird|Animals|CU#248|Science & Nature|Plant/animal structures that help survival (Gr 1)|primary|Farm/bird song — connects to animal structures and survival
345|The Turkey is a funny bird|Animals|CU#252|Science & Nature|Seed Dispersal and Pollination (Gr 2)|secondary|Bee/bird song — connects to pollination and seed dispersal
346|The Turkey Song|Animals, Music & Instruments|CU#210|Routines & Transitions|Following 2-3 step verbal directions (Gr 1-2)|secondary|Instrument song — following directions to play/move instruments
346|The Turkey Song|Animals, Music & Instruments|CU#221|Gross Motor & Movement|Moving to rhythm and tempo (Gr 1-2)|secondary|Music song — connects to rhythm and steady beat
346|The Turkey Song|Animals, Music & Instruments|CU#226|Language & Vocabulary|Describe people, places, things, events with relevant details (Gr 1)|secondary|Song about animals — practice describing animals with details
346|The Turkey Song|Animals, Music & Instruments|CU#240|Science & Nature|Sound and Vibrating Materials (Gr 1)|primary|Music/instrument song — connects to how instruments make sound
346|The Turkey Song|Animals, Music & Instruments|CU#248|Science & Nature|Plant/animal structures that help survival (Gr 1)|primary|Farm/bird song — connects to animal structures and survival
346|The Turkey Song|Animals, Music & Instruments|CU#252|Science & Nature|Seed Dispersal and Pollination (Gr 2)|secondary|Bee/bird song — connects to pollination and seed dispersal
347|Owl Moon|Animals, Nature & Plants, Seasons & Weather|CU#226|Language & Vocabulary|Describe people, places, things, events with relevant details (Gr 1)|secondary|Song about animals — practice describing animals with details
347|Owl Moon|Animals, Nature & Plants, Seasons & Weather|CU#248|Science & Nature|Plant/animal structures that help survival (Gr 1)|primary|Farm/bird song — connects to animal structures and survival
347|Owl Moon|Animals, Nature & Plants, Seasons & Weather|CU#251|Science & Nature|Environmental Plant Needs (Gr 2)|secondary|Nature song — connects to plant needs and growth
347|Owl Moon|Animals, Nature & Plants, Seasons & Weather|CU#252|Science & Nature|Seed Dispersal and Pollination (Gr 2)|secondary|Bee/bird song — connects to pollination and seed dispersal
347|Owl Moon|Animals, Nature & Plants, Seasons & Weather|CU#253|Science & Nature|Habitats and Biodiversity (Gr 2)|secondary|Nature song — connects to habitats and biodiversity
347|Owl Moon|Animals, Nature & Plants, Seasons & Weather|CU#254|Science & Nature|Sun, Moon, and Star Patterns (Gr 1)|primary|Moon/sun/star song — directly connects to sky patterns
347|Owl Moon|Animals, Nature & Plants, Seasons & Weather|CU#255|Science & Nature|Seasonal Sunlight patterns (sunrise/sunset) (Gr 1)|secondary|Sun/moon song — connects to daily and seasonal sunlight changes
347|Owl Moon|Animals, Nature & Plants, Seasons & Weather|CU#256|Science & Nature|Evidence that Earth events can occur quickly or slowly (Gr 2)|secondary|Seasons/weather song — connects to rates of Earth events
350|Skin and Bones|Body Parts, Holidays & Celebrations|CU#219|Gross Motor & Movement|Balance and body control (static and moving) (Gr 1-2)|primary|Body parts song — connects to body awareness and control
350|Skin and Bones|Body Parts, Holidays & Celebrations|CU#221|Gross Motor & Movement|Moving to rhythm and tempo (Gr 1-2)|secondary|Body parts song — often sung with rhythmic movements
350|Skin and Bones|Body Parts, Holidays & Celebrations|CU#222|Gross Motor & Movement|Following multi-step movement directions / spatial awareness (Gr 1-2)|secondary|Body parts song — follows directions to move specific body parts
354|Roll that Pumpkin Down To Town|Seasons & Weather|CU#255|Science & Nature|Seasonal Sunlight patterns (sunrise/sunset) (Gr 1)|primary|Seasons song — connects to seasonal patterns
354|Roll that Pumpkin Down To Town|Seasons & Weather|CU#256|Science & Nature|Evidence that Earth events can occur quickly or slowly (Gr 2)|secondary|Seasons/weather song — connects to rates of Earth events
355|Halloween farm|Animals, Farm, Holidays & Celebrations|CU#226|Language & Vocabulary|Describe people, places, things, events with relevant details (Gr 1)|secondary|Song about animals — practice describing animals with details
355|Halloween farm|Animals, Farm, Holidays & Celebrations|CU#248|Science & Nature|Plant/animal structures that help survival (Gr 1)|primary|Farm/bird song — connects to animal structures and survival
355|Halloween farm|Animals, Farm, Holidays & Celebrations|CU#250|Science & Nature|Plant and Animal Structures - offspring resemble parents (Gr 1)|primary|Farm song — connects to farm animal families/offspring
355|Halloween farm|Animals, Farm, Holidays & Celebrations|CU#251|Science & Nature|Environmental Plant Needs (Gr 2)|secondary|Farm song — connects to growing food/plants on a farm
355|Halloween farm|Animals, Farm, Holidays & Celebrations|CU#253|Science & Nature|Habitats and Biodiversity (Gr 2)|secondary|Farm song — farm as a habitat for animals and plants
356|I'm a Scarecrow Tall|Animals, Farm, Nature & Plants|CU#226|Language & Vocabulary|Describe people, places, things, events with relevant details (Gr 1)|secondary|Song about animals — practice describing animals with details
356|I'm a Scarecrow Tall|Animals, Farm, Nature & Plants|CU#248|Science & Nature|Plant/animal structures that help survival (Gr 1)|primary|Farm/bird song — connects to animal structures and survival
356|I'm a Scarecrow Tall|Animals, Farm, Nature & Plants|CU#250|Science & Nature|Plant and Animal Structures - offspring resemble parents (Gr 1)|primary|Farm song — connects to farm animal families/offspring
356|I'm a Scarecrow Tall|Animals, Farm, Nature & Plants|CU#251|Science & Nature|Environmental Plant Needs (Gr 2)|secondary|Nature song — connects to plant needs and growth
356|I'm a Scarecrow Tall|Animals, Farm, Nature & Plants|CU#253|Science & Nature|Habitats and Biodiversity (Gr 2)|secondary|Nature song — connects to habitats and biodiversity
357|Tigers are Sleeping|Animals, Dance & Movement|CU#218|Gross Motor & Movement|Locomotor skills: running, jumping, hopping, skipping (Gr 1-2)|primary|Animal action song — combines animal theme with gross motor movement
357|Tigers are Sleeping|Animals, Dance & Movement|CU#219|Gross Motor & Movement|Balance and body control (static and moving) (Gr 1-2)|secondary|Movement song — connects to body control
357|Tigers are Sleeping|Animals, Dance & Movement|CU#221|Gross Motor & Movement|Moving to rhythm and tempo (Gr 1-2)|primary|Dance/movement song — connects to moving with rhythm
357|Tigers are Sleeping|Animals, Dance & Movement|CU#222|Gross Motor & Movement|Following multi-step movement directions / spatial awareness (Gr 1-2)|secondary|Movement song — connects to following movement directions
357|Tigers are Sleeping|Animals, Dance & Movement|CU#226|Language & Vocabulary|Describe people, places, things, events with relevant details (Gr 1)|secondary|Song about animals — practice describing animals with details
357|Tigers are Sleeping|Animals, Dance & Movement|CU#248|Science & Nature|Plant/animal structures that help survival (Gr 1)|primary|Animal song — connects to animal structures and their functions
357|Tigers are Sleeping|Animals, Dance & Movement|CU#253|Science & Nature|Habitats and Biodiversity (Gr 2)|secondary|Animal song — connects to where animals live (habitats)
358|I Shut the Door|Routines & Social Skills, Seasons & Weather, Water & Sea|CU#226|Language & Vocabulary|Describe people, places, things, events with relevant details (Gr 1)|secondary|Song about water/sea — practice descriptive language
358|I Shut the Door|Routines & Social Skills, Seasons & Weather, Water & Sea|CU#255|Science & Nature|Seasonal Sunlight patterns (sunrise/sunset) (Gr 1)|primary|Seasons song — connects to seasonal patterns
358|I Shut the Door|Routines & Social Skills, Seasons & Weather, Water & Sea|CU#256|Science & Nature|Evidence that Earth events can occur quickly or slowly (Gr 2)|secondary|Seasons/weather song — connects to rates of Earth events
358|I Shut the Door|Routines & Social Skills, Seasons & Weather, Water & Sea|CU#257|Science & Nature|Processes that shape the Earth - wind/water changing land (Gr 2)|primary|Water/sea song — connects to water shaping the land
359|Creepy Crawly Spiders|Animals|CU#226|Language & Vocabulary|Describe people, places, things, events with relevant details (Gr 1)|secondary|Song about animals — practice describing animals with details
359|Creepy Crawly Spiders|Animals|CU#253|Science & Nature|Habitats and Biodiversity (Gr 2)|primary|Small creature song — connects to habitats and biodiversity
360|There's a Spider on the Floor|Animals, Body Parts|CU#219|Gross Motor & Movement|Balance and body control (static and moving) (Gr 1-2)|primary|Body parts song — connects to body awareness and control
360|There's a Spider on the Floor|Animals, Body Parts|CU#221|Gross Motor & Movement|Moving to rhythm and tempo (Gr 1-2)|secondary|Body parts song — often sung with rhythmic movements
360|There's a Spider on the Floor|Animals, Body Parts|CU#222|Gross Motor & Movement|Following multi-step movement directions / spatial awareness (Gr 1-2)|secondary|Body parts song — follows directions to move specific body parts
360|There's a Spider on the Floor|Animals, Body Parts|CU#226|Language & Vocabulary|Describe people, places, things, events with relevant details (Gr 1)|secondary|Song about animals — practice describing animals with details
360|There's a Spider on the Floor|Animals, Body Parts|CU#253|Science & Nature|Habitats and Biodiversity (Gr 2)|primary|Small creature song — connects to habitats and biodiversity
361|Brush your Teeth|Body Parts, Numbers & Counting|CU#219|Gross Motor & Movement|Balance and body control (static and moving) (Gr 1-2)|primary|Body parts song — connects to body awareness and control
361|Brush your Teeth|Body Parts, Numbers & Counting|CU#221|Gross Motor & Movement|Moving to rhythm and tempo (Gr 1-2)|secondary|Body parts song — often sung with rhythmic movements
361|Brush your Teeth|Body Parts, Numbers & Counting|CU#222|Gross Motor & Movement|Following multi-step movement directions / spatial awareness (Gr 1-2)|secondary|Body parts song — follows directions to move specific body parts
362|Clap When the Spirit Says Clap|Cultural & Folk, Music & Instruments|CU#210|Routines & Transitions|Following 2-3 step verbal directions (Gr 1-2)|secondary|Instrument song — following directions to play/move instruments
362|Clap When the Spirit Says Clap|Cultural & Folk, Music & Instruments|CU#221|Gross Motor & Movement|Moving to rhythm and tempo (Gr 1-2)|secondary|Music song — connects to rhythm and steady beat
362|Clap When the Spirit Says Clap|Cultural & Folk, Music & Instruments|CU#240|Science & Nature|Sound and Vibrating Materials (Gr 1)|primary|Music/instrument song — connects to how instruments make sound
364|Welcome Summer|Seasons & Weather, Water & Sea|CU#226|Language & Vocabulary|Describe people, places, things, events with relevant details (Gr 1)|secondary|Song about water/sea — practice descriptive language
364|Welcome Summer|Seasons & Weather, Water & Sea|CU#255|Science & Nature|Seasonal Sunlight patterns (sunrise/sunset) (Gr 1)|primary|Seasonal song — connects to seasonal changes in sunlight
364|Welcome Summer|Seasons & Weather, Water & Sea|CU#256|Science & Nature|Evidence that Earth events can occur quickly or slowly (Gr 2)|secondary|Seasons/weather song — connects to rates of Earth events
364|Welcome Summer|Seasons & Weather, Water & Sea|CU#257|Science & Nature|Processes that shape the Earth - wind/water changing land (Gr 2)|primary|Water/sea song — connects to water shaping the land
365|Wahoo Wahoo Wahoo|Animals|CU#226|Language & Vocabulary|Describe people, places, things, events with relevant details (Gr 1)|secondary|Song about animals — practice describing animals with details
365|Wahoo Wahoo Wahoo|Animals|CU#248|Science & Nature|Plant/animal structures that help survival (Gr 1)|primary|Animal song — connects to animal structures and their functions
365|Wahoo Wahoo Wahoo|Animals|CU#253|Science & Nature|Habitats and Biodiversity (Gr 2)|secondary|Animal song — connects to where animals live (habitats)
366|Motorcycle Ride|Transportation|CU#222|Gross Motor & Movement|Following multi-step movement directions / spatial awareness (Gr 1-2)|secondary|Movement song about vehicles — spatial and directional awareness
366|Motorcycle Ride|Transportation|CU#226|Language & Vocabulary|Describe people, places, things, events with relevant details (Gr 1)|primary|Transportation song — practice describing vehicles and travel
367|Let's Take a Ride in the Country|Transportation|CU#222|Gross Motor & Movement|Following multi-step movement directions / spatial awareness (Gr 1-2)|secondary|Movement song about vehicles — spatial and directional awareness
367|Let's Take a Ride in the Country|Transportation|CU#226|Language & Vocabulary|Describe people, places, things, events with relevant details (Gr 1)|primary|Transportation song — practice describing vehicles and travel
368|Phoebe|Animals, Nature & Plants|CU#226|Language & Vocabulary|Describe people, places, things, events with relevant details (Gr 1)|secondary|Song about animals — practice describing animals with details
368|Phoebe|Animals, Nature & Plants|CU#248|Science & Nature|Plant/animal structures that help survival (Gr 1)|primary|Animal song — connects to animal structures and their functions
368|Phoebe|Animals, Nature & Plants|CU#251|Science & Nature|Environmental Plant Needs (Gr 2)|secondary|Nature song — connects to plant needs and growth
368|Phoebe|Animals, Nature & Plants|CU#253|Science & Nature|Habitats and Biodiversity (Gr 2)|secondary|Animal song — connects to where animals live (habitats)
369|The Fishing Song|Animals, Music & Instruments|CU#210|Routines & Transitions|Following 2-3 step verbal directions (Gr 1-2)|secondary|Instrument song — following directions to play/move instruments
369|The Fishing Song|Animals, Music & Instruments|CU#221|Gross Motor & Movement|Moving to rhythm and tempo (Gr 1-2)|secondary|Music song — connects to rhythm and steady beat
369|The Fishing Song|Animals, Music & Instruments|CU#226|Language & Vocabulary|Describe people, places, things, events with relevant details (Gr 1)|secondary|Song about animals — practice describing animals with details
369|The Fishing Song|Animals, Music & Instruments|CU#240|Science & Nature|Sound and Vibrating Materials (Gr 1)|primary|Music/instrument song — connects to how instruments make sound
369|The Fishing Song|Animals, Music & Instruments|CU#248|Science & Nature|Plant/animal structures that help survival (Gr 1)|primary|Animal song — connects to animal structures and their functions
369|The Fishing Song|Animals, Music & Instruments|CU#253|Science & Nature|Habitats and Biodiversity (Gr 2)|secondary|Animal song — connects to where animals live (habitats)
370|The Swimming Song|Music & Instruments, Water & Sea|CU#210|Routines & Transitions|Following 2-3 step verbal directions (Gr 1-2)|secondary|Instrument song — following directions to play/move instruments
370|The Swimming Song|Music & Instruments, Water & Sea|CU#221|Gross Motor & Movement|Moving to rhythm and tempo (Gr 1-2)|secondary|Music song — connects to rhythm and steady beat
370|The Swimming Song|Music & Instruments, Water & Sea|CU#226|Language & Vocabulary|Describe people, places, things, events with relevant details (Gr 1)|secondary|Song about water/sea — practice descriptive language
370|The Swimming Song|Music & Instruments, Water & Sea|CU#240|Science & Nature|Sound and Vibrating Materials (Gr 1)|primary|Music/instrument song — connects to how instruments make sound
370|The Swimming Song|Music & Instruments, Water & Sea|CU#256|Science & Nature|Evidence that Earth events can occur quickly or slowly (Gr 2)|secondary|Water/sea song — connects to Earth events
370|The Swimming Song|Music & Instruments, Water & Sea|CU#257|Science & Nature|Processes that shape the Earth - wind/water changing land (Gr 2)|primary|Water/sea song — connects to water shaping the land
371|Swimming, Swimming  in the Swimming Pool|Water & Sea|CU#226|Language & Vocabulary|Describe people, places, things, events with relevant details (Gr 1)|secondary|Song about water/sea — practice descriptive language
371|Swimming, Swimming  in the Swimming Pool|Water & Sea|CU#256|Science & Nature|Evidence that Earth events can occur quickly or slowly (Gr 2)|secondary|Water/sea song — connects to Earth events
371|Swimming, Swimming  in the Swimming Pool|Water & Sea|CU#257|Science & Nature|Processes that shape the Earth - wind/water changing land (Gr 2)|primary|Water/sea song — connects to water shaping the land
372|This Fine Old Woman|Animals|CU#226|Language & Vocabulary|Describe people, places, things, events with relevant details (Gr 1)|secondary|Song about animals — practice describing animals with details
372|This Fine Old Woman|Animals|CU#248|Science & Nature|Plant/animal structures that help survival (Gr 1)|primary|Animal song — connects to animal structures and their functions
372|This Fine Old Woman|Animals|CU#253|Science & Nature|Habitats and Biodiversity (Gr 2)|secondary|Animal song — connects to where animals live (habitats)
373|My Little Dog|Animals|CU#226|Language & Vocabulary|Describe people, places, things, events with relevant details (Gr 1)|secondary|Song about animals — practice describing animals with details
373|My Little Dog|Animals|CU#250|Science & Nature|Plant and Animal Structures - offspring resemble parents (Gr 1)|primary|Song about baby animals — directly connects to offspring resembling parents
374|Maggie's in the Weeds|Animals|CU#226|Language & Vocabulary|Describe people, places, things, events with relevant details (Gr 1)|secondary|Song about animals — practice describing animals with details
374|Maggie's in the Weeds|Animals|CU#248|Science & Nature|Plant/animal structures that help survival (Gr 1)|primary|Animal song — connects to animal structures and their functions
374|Maggie's in the Weeds|Animals|CU#253|Science & Nature|Habitats and Biodiversity (Gr 2)|secondary|Animal song — connects to where animals live (habitats)
376|Wild Bee|Animals|CU#226|Language & Vocabulary|Describe people, places, things, events with relevant details (Gr 1)|secondary|Song about animals — practice describing animals with details
376|Wild Bee|Animals|CU#252|Science & Nature|Seed Dispersal and Pollination (Gr 2)|secondary|Bee/bird song — connects to pollination and seed dispersal
377|Head and Thorax|Animals, Body Parts|CU#219|Gross Motor & Movement|Balance and body control (static and moving) (Gr 1-2)|primary|Body parts song — connects to body awareness and control
377|Head and Thorax|Animals, Body Parts|CU#221|Gross Motor & Movement|Moving to rhythm and tempo (Gr 1-2)|secondary|Body parts song — often sung with rhythmic movements
377|Head and Thorax|Animals, Body Parts|CU#222|Gross Motor & Movement|Following multi-step movement directions / spatial awareness (Gr 1-2)|secondary|Body parts song — follows directions to move specific body parts
377|Head and Thorax|Animals, Body Parts|CU#226|Language & Vocabulary|Describe people, places, things, events with relevant details (Gr 1)|secondary|Song about animals — practice describing animals with details
377|Head and Thorax|Animals, Body Parts|CU#252|Science & Nature|Seed Dispersal and Pollination (Gr 2)|secondary|Bee/bird song — connects to pollination and seed dispersal
378|Picking Berries|Food & Cooking, Nature & Plants|CU#248|Science & Nature|Plant/animal structures that help survival (Gr 1)|secondary|Nature song — connects to plant structures
378|Picking Berries|Food & Cooking, Nature & Plants|CU#251|Science & Nature|Environmental Plant Needs (Gr 2)|secondary|Nature song — connects to plant needs and growth
378|Picking Berries|Food & Cooking, Nature & Plants|CU#253|Science & Nature|Habitats and Biodiversity (Gr 2)|secondary|Nature song — connects to habitats and biodiversity
381|I'm Going to Take a Bath|Body Parts|CU#219|Gross Motor & Movement|Balance and body control (static and moving) (Gr 1-2)|primary|Body parts song — connects to body awareness and control
381|I'm Going to Take a Bath|Body Parts|CU#221|Gross Motor & Movement|Moving to rhythm and tempo (Gr 1-2)|secondary|Body parts song — often sung with rhythmic movements
381|I'm Going to Take a Bath|Body Parts|CU#222|Gross Motor & Movement|Following multi-step movement directions / spatial awareness (Gr 1-2)|secondary|Body parts song — follows directions to move specific body parts
382|Going Down the Old Camp Road|Nature & Plants|CU#248|Science & Nature|Plant/animal structures that help survival (Gr 1)|secondary|Nature song — connects to plant structures
382|Going Down the Old Camp Road|Nature & Plants|CU#251|Science & Nature|Environmental Plant Needs (Gr 2)|secondary|Nature song — connects to plant needs and growth
382|Going Down the Old Camp Road|Nature & Plants|CU#253|Science & Nature|Habitats and Biodiversity (Gr 2)|secondary|Nature song — connects to habitats and biodiversity
383|Spring is Coming|Nature & Plants, Seasons & Weather, Water & Sea|CU#226|Language & Vocabulary|Describe people, places, things, events with relevant details (Gr 1)|secondary|Song about water/sea — practice descriptive language
383|Spring is Coming|Nature & Plants, Seasons & Weather, Water & Sea|CU#248|Science & Nature|Plant/animal structures that help survival (Gr 1)|secondary|Nature song — connects to plant structures
383|Spring is Coming|Nature & Plants, Seasons & Weather, Water & Sea|CU#251|Science & Nature|Environmental Plant Needs (Gr 2)|secondary|Nature song — connects to plant needs and growth
383|Spring is Coming|Nature & Plants, Seasons & Weather, Water & Sea|CU#253|Science & Nature|Habitats and Biodiversity (Gr 2)|secondary|Nature song — connects to habitats and biodiversity
383|Spring is Coming|Nature & Plants, Seasons & Weather, Water & Sea|CU#255|Science & Nature|Seasonal Sunlight patterns (sunrise/sunset) (Gr 1)|primary|Seasonal song — connects to seasonal changes in sunlight
383|Spring is Coming|Nature & Plants, Seasons & Weather, Water & Sea|CU#256|Science & Nature|Evidence that Earth events can occur quickly or slowly (Gr 2)|secondary|Seasons/weather song — connects to rates of Earth events
383|Spring is Coming|Nature & Plants, Seasons & Weather, Water & Sea|CU#257|Science & Nature|Processes that shape the Earth - wind/water changing land (Gr 2)|primary|Water/sea song — connects to water shaping the land
384|Mr. Sun|Seasons & Weather|CU#254|Science & Nature|Sun, Moon, and Star Patterns (Gr 1)|primary|Moon/sun/star song — directly connects to sky patterns
384|Mr. Sun|Seasons & Weather|CU#255|Science & Nature|Seasonal Sunlight patterns (sunrise/sunset) (Gr 1)|secondary|Sun/moon song — connects to daily and seasonal sunlight changes
384|Mr. Sun|Seasons & Weather|CU#256|Science & Nature|Evidence that Earth events can occur quickly or slowly (Gr 2)|secondary|Seasons/weather song — connects to rates of Earth events
385|Daffy down Dilly/ 5 Yellow Daffodils|Nature & Plants, Numbers & Counting|CU#248|Science & Nature|Plant/animal structures that help survival (Gr 1)|secondary|Nature song — connects to plant structures
385|Daffy down Dilly/ 5 Yellow Daffodils|Nature & Plants, Numbers & Counting|CU#251|Science & Nature|Environmental Plant Needs (Gr 2)|secondary|Nature song — connects to plant needs and growth
385|Daffy down Dilly/ 5 Yellow Daffodils|Nature & Plants, Numbers & Counting|CU#253|Science & Nature|Habitats and Biodiversity (Gr 2)|secondary|Nature song — connects to habitats and biodiversity
386|Springtime Lullabye|Bedtime & Lullaby, Seasons & Weather, Water & Sea|CU#226|Language & Vocabulary|Describe people, places, things, events with relevant details (Gr 1)|secondary|Song about water/sea — practice descriptive language
386|Springtime Lullabye|Bedtime & Lullaby, Seasons & Weather, Water & Sea|CU#255|Science & Nature|Seasonal Sunlight patterns (sunrise/sunset) (Gr 1)|primary|Seasons song — connects to seasonal patterns
386|Springtime Lullabye|Bedtime & Lullaby, Seasons & Weather, Water & Sea|CU#256|Science & Nature|Evidence that Earth events can occur quickly or slowly (Gr 2)|secondary|Seasons/weather song — connects to rates of Earth events
386|Springtime Lullabye|Bedtime & Lullaby, Seasons & Weather, Water & Sea|CU#257|Science & Nature|Processes that shape the Earth - wind/water changing land (Gr 2)|primary|Water/sea song — connects to water shaping the land
387|Crocuses and Scilla|Nature & Plants, Seasons & Weather, Water & Sea|CU#226|Language & Vocabulary|Describe people, places, things, events with relevant details (Gr 1)|secondary|Song about water/sea — practice descriptive language
387|Crocuses and Scilla|Nature & Plants, Seasons & Weather, Water & Sea|CU#248|Science & Nature|Plant/animal structures that help survival (Gr 1)|secondary|Nature song — connects to plant structures
387|Crocuses and Scilla|Nature & Plants, Seasons & Weather, Water & Sea|CU#251|Science & Nature|Environmental Plant Needs (Gr 2)|secondary|Nature song — connects to plant needs and growth
387|Crocuses and Scilla|Nature & Plants, Seasons & Weather, Water & Sea|CU#253|Science & Nature|Habitats and Biodiversity (Gr 2)|secondary|Nature song — connects to habitats and biodiversity
387|Crocuses and Scilla|Nature & Plants, Seasons & Weather, Water & Sea|CU#255|Science & Nature|Seasonal Sunlight patterns (sunrise/sunset) (Gr 1)|primary|Seasons song — connects to seasonal patterns
387|Crocuses and Scilla|Nature & Plants, Seasons & Weather, Water & Sea|CU#256|Science & Nature|Evidence that Earth events can occur quickly or slowly (Gr 2)|secondary|Seasons/weather song — connects to rates of Earth events
387|Crocuses and Scilla|Nature & Plants, Seasons & Weather, Water & Sea|CU#257|Science & Nature|Processes that shape the Earth - wind/water changing land (Gr 2)|primary|Water/sea song — connects to water shaping the land
388|Pussy Willow|Nature & Plants|CU#248|Science & Nature|Plant/animal structures that help survival (Gr 1)|secondary|Nature song — connects to plant structures
388|Pussy Willow|Nature & Plants|CU#251|Science & Nature|Environmental Plant Needs (Gr 2)|secondary|Nature song — connects to plant needs and growth
388|Pussy Willow|Nature & Plants|CU#253|Science & Nature|Habitats and Biodiversity (Gr 2)|secondary|Nature song — connects to habitats and biodiversity
389|Dig a Little Hole|Nature & Plants|CU#248|Science & Nature|Plant/animal structures that help survival (Gr 1)|secondary|Nature song — connects to plant structures
389|Dig a Little Hole|Nature & Plants|CU#251|Science & Nature|Environmental Plant Needs (Gr 2)|primary|Garden/planting song — connects to what plants need to grow
389|Dig a Little Hole|Nature & Plants|CU#252|Science & Nature|Seed Dispersal and Pollination (Gr 2)|secondary|Garden/planting song — connects to how plants reproduce
389|Dig a Little Hole|Nature & Plants|CU#253|Science & Nature|Habitats and Biodiversity (Gr 2)|secondary|Nature song — connects to habitats and biodiversity
390|Seed in the Ground|Nature & Plants|CU#248|Science & Nature|Plant/animal structures that help survival (Gr 1)|secondary|Nature song — connects to plant structures
390|Seed in the Ground|Nature & Plants|CU#251|Science & Nature|Environmental Plant Needs (Gr 2)|primary|Garden/planting song — connects to what plants need to grow
390|Seed in the Ground|Nature & Plants|CU#252|Science & Nature|Seed Dispersal and Pollination (Gr 2)|secondary|Garden/planting song — connects to how plants reproduce
390|Seed in the Ground|Nature & Plants|CU#253|Science & Nature|Habitats and Biodiversity (Gr 2)|secondary|Nature song — connects to habitats and biodiversity
391|The Wiggly Worm |Animals|CU#226|Language & Vocabulary|Describe people, places, things, events with relevant details (Gr 1)|secondary|Song about animals — practice describing animals with details
391|The Wiggly Worm |Animals|CU#253|Science & Nature|Habitats and Biodiversity (Gr 2)|primary|Small creature song — connects to habitats and biodiversity
392|I had a little piggy|Animals|CU#226|Language & Vocabulary|Describe people, places, things, events with relevant details (Gr 1)|secondary|Song about animals — practice describing animals with details
392|I had a little piggy|Animals|CU#248|Science & Nature|Plant/animal structures that help survival (Gr 1)|primary|Animal song — connects to animal structures and their functions
392|I had a little piggy|Animals|CU#253|Science & Nature|Habitats and Biodiversity (Gr 2)|secondary|Animal song — connects to where animals live (habitats)
393|Because it's Spring|Seasons & Weather|CU#255|Science & Nature|Seasonal Sunlight patterns (sunrise/sunset) (Gr 1)|primary|Seasonal song — connects to seasonal changes in sunlight
393|Because it's Spring|Seasons & Weather|CU#256|Science & Nature|Evidence that Earth events can occur quickly or slowly (Gr 2)|secondary|Seasons/weather song — connects to rates of Earth events
394|Little Robin Red Breast|Animals, Nature & Plants|CU#226|Language & Vocabulary|Describe people, places, things, events with relevant details (Gr 1)|secondary|Song about animals — practice describing animals with details
394|Little Robin Red Breast|Animals, Nature & Plants|CU#248|Science & Nature|Plant/animal structures that help survival (Gr 1)|primary|Farm/bird song — connects to animal structures and survival
394|Little Robin Red Breast|Animals, Nature & Plants|CU#251|Science & Nature|Environmental Plant Needs (Gr 2)|secondary|Nature song — connects to plant needs and growth
394|Little Robin Red Breast|Animals, Nature & Plants|CU#252|Science & Nature|Seed Dispersal and Pollination (Gr 2)|secondary|Bee/bird song — connects to pollination and seed dispersal
394|Little Robin Red Breast|Animals, Nature & Plants|CU#253|Science & Nature|Habitats and Biodiversity (Gr 2)|secondary|Nature song — connects to habitats and biodiversity
395|Where are the Froggies?|Animals, Numbers & Counting|CU#226|Language & Vocabulary|Describe people, places, things, events with relevant details (Gr 1)|secondary|Song about animals — practice describing animals with details
395|Where are the Froggies?|Animals, Numbers & Counting|CU#248|Science & Nature|Plant/animal structures that help survival (Gr 1)|primary|Animal song — connects to animal structures and their functions
395|Where are the Froggies?|Animals, Numbers & Counting|CU#253|Science & Nature|Habitats and Biodiversity (Gr 2)|secondary|Animal song — connects to where animals live (habitats)
396|Hippity Hop|Animals, Dance & Movement|CU#218|Gross Motor & Movement|Locomotor skills: running, jumping, hopping, skipping (Gr 1-2)|primary|Action song with jumping/hopping — directly connects to locomotor skills
396|Hippity Hop|Animals, Dance & Movement|CU#219|Gross Motor & Movement|Balance and body control (static and moving) (Gr 1-2)|secondary|Movement song — connects to body control
396|Hippity Hop|Animals, Dance & Movement|CU#222|Gross Motor & Movement|Following multi-step movement directions / spatial awareness (Gr 1-2)|secondary|Movement song — connects to following movement directions
396|Hippity Hop|Animals, Dance & Movement|CU#248|Science & Nature|Plant/animal structures that help survival (Gr 1)|primary|Animal song — connects to animal structures and their functions
396|Hippity Hop|Animals, Dance & Movement|CU#253|Science & Nature|Habitats and Biodiversity (Gr 2)|secondary|Animal song — connects to where animals live (habitats)
398|Pat-a-cake|Dance & Movement, Food & Cooking|CU#219|Gross Motor & Movement|Balance and body control (static and moving) (Gr 1-2)|secondary|Movement song — connects to body control
398|Pat-a-cake|Dance & Movement, Food & Cooking|CU#221|Gross Motor & Movement|Moving to rhythm and tempo (Gr 1-2)|primary|Dance/movement song — connects to moving with rhythm
398|Pat-a-cake|Dance & Movement, Food & Cooking|CU#222|Gross Motor & Movement|Following multi-step movement directions / spatial awareness (Gr 1-2)|secondary|Movement song — connects to following movement directions
401|I Hear Thunder/ I see blue skies|Seasons & Weather, Water & Sea|CU#226|Language & Vocabulary|Describe people, places, things, events with relevant details (Gr 1)|secondary|Song about water/sea — practice descriptive language
401|I Hear Thunder/ I see blue skies|Seasons & Weather, Water & Sea|CU#256|Science & Nature|Evidence that Earth events can occur quickly or slowly (Gr 2)|secondary|Seasons/weather song — connects to rates of Earth events
401|I Hear Thunder/ I see blue skies|Seasons & Weather, Water & Sea|CU#257|Science & Nature|Processes that shape the Earth - wind/water changing land (Gr 2)|secondary|Weather song — connects to wind/water shaping land
402|Puddles|Seasons & Weather, Water & Sea|CU#226|Language & Vocabulary|Describe people, places, things, events with relevant details (Gr 1)|secondary|Song about water/sea — practice descriptive language
402|Puddles|Seasons & Weather, Water & Sea|CU#255|Science & Nature|Seasonal Sunlight patterns (sunrise/sunset) (Gr 1)|primary|Seasons song — connects to seasonal patterns
402|Puddles|Seasons & Weather, Water & Sea|CU#256|Science & Nature|Evidence that Earth events can occur quickly or slowly (Gr 2)|secondary|Seasons/weather song — connects to rates of Earth events
402|Puddles|Seasons & Weather, Water & Sea|CU#257|Science & Nature|Processes that shape the Earth - wind/water changing land (Gr 2)|primary|Water/sea song — connects to water shaping the land
403|We're Jumping|Dance & Movement|CU#219|Gross Motor & Movement|Balance and body control (static and moving) (Gr 1-2)|secondary|Movement song — connects to body control
403|We're Jumping|Dance & Movement|CU#221|Gross Motor & Movement|Moving to rhythm and tempo (Gr 1-2)|primary|Dance/movement song — connects to moving with rhythm
403|We're Jumping|Dance & Movement|CU#222|Gross Motor & Movement|Following multi-step movement directions / spatial awareness (Gr 1-2)|secondary|Movement song — connects to following movement directions
404|Ring around my Rosy|Dance & Movement|CU#219|Gross Motor & Movement|Balance and body control (static and moving) (Gr 1-2)|secondary|Movement song — connects to body control
404|Ring around my Rosy|Dance & Movement|CU#221|Gross Motor & Movement|Moving to rhythm and tempo (Gr 1-2)|primary|Dance/movement song — connects to moving with rhythm
404|Ring around my Rosy|Dance & Movement|CU#222|Gross Motor & Movement|Following multi-step movement directions / spatial awareness (Gr 1-2)|secondary|Movement song — connects to following movement directions
405|See My Fingers|Body Parts, Dance & Movement, Numbers & Counting|CU#219|Gross Motor & Movement|Balance and body control (static and moving) (Gr 1-2)|primary|Body parts song — connects to body awareness and control
405|See My Fingers|Body Parts, Dance & Movement, Numbers & Counting|CU#221|Gross Motor & Movement|Moving to rhythm and tempo (Gr 1-2)|secondary|Body parts song — often sung with rhythmic movements
405|See My Fingers|Body Parts, Dance & Movement, Numbers & Counting|CU#222|Gross Motor & Movement|Following multi-step movement directions / spatial awareness (Gr 1-2)|secondary|Body parts song — follows directions to move specific body parts
406|What Do You Suppose?/ Bee Freeze |Animals, Music & Instruments, Seasons & Weather|CU#210|Routines & Transitions|Following 2-3 step verbal directions (Gr 1-2)|secondary|Instrument song — following directions to play/move instruments
406|What Do You Suppose?/ Bee Freeze |Animals, Music & Instruments, Seasons & Weather|CU#221|Gross Motor & Movement|Moving to rhythm and tempo (Gr 1-2)|secondary|Music song — connects to rhythm and steady beat
406|What Do You Suppose?/ Bee Freeze |Animals, Music & Instruments, Seasons & Weather|CU#226|Language & Vocabulary|Describe people, places, things, events with relevant details (Gr 1)|secondary|Song about animals — practice describing animals with details
406|What Do You Suppose?/ Bee Freeze |Animals, Music & Instruments, Seasons & Weather|CU#240|Science & Nature|Sound and Vibrating Materials (Gr 1)|primary|Music/instrument song — connects to how instruments make sound
406|What Do You Suppose?/ Bee Freeze |Animals, Music & Instruments, Seasons & Weather|CU#252|Science & Nature|Seed Dispersal and Pollination (Gr 2)|secondary|Bee/bird song — connects to pollination and seed dispersal
406|What Do You Suppose?/ Bee Freeze |Animals, Music & Instruments, Seasons & Weather|CU#255|Science & Nature|Seasonal Sunlight patterns (sunrise/sunset) (Gr 1)|primary|Seasons song — connects to seasonal patterns
406|What Do You Suppose?/ Bee Freeze |Animals, Music & Instruments, Seasons & Weather|CU#256|Science & Nature|Evidence that Earth events can occur quickly or slowly (Gr 2)|secondary|Seasons/weather song — connects to rates of Earth events
407|Mosquitos|Animals, Nature & Plants|CU#226|Language & Vocabulary|Describe people, places, things, events with relevant details (Gr 1)|secondary|Song about animals — practice describing animals with details
407|Mosquitos|Animals, Nature & Plants|CU#248|Science & Nature|Plant/animal structures that help survival (Gr 1)|primary|Animal song — connects to animal structures and their functions
407|Mosquitos|Animals, Nature & Plants|CU#251|Science & Nature|Environmental Plant Needs (Gr 2)|secondary|Nature song — connects to plant needs and growth
407|Mosquitos|Animals, Nature & Plants|CU#253|Science & Nature|Habitats and Biodiversity (Gr 2)|secondary|Animal song — connects to where animals live (habitats)
408|Poor Little Sandy Girl|Nature & Plants, Seasons & Weather, Water & Sea|CU#226|Language & Vocabulary|Describe people, places, things, events with relevant details (Gr 1)|secondary|Song about water/sea — practice descriptive language
408|Poor Little Sandy Girl|Nature & Plants, Seasons & Weather, Water & Sea|CU#248|Science & Nature|Plant/animal structures that help survival (Gr 1)|secondary|Nature song — connects to plant structures
408|Poor Little Sandy Girl|Nature & Plants, Seasons & Weather, Water & Sea|CU#251|Science & Nature|Environmental Plant Needs (Gr 2)|secondary|Nature song — connects to plant needs and growth
408|Poor Little Sandy Girl|Nature & Plants, Seasons & Weather, Water & Sea|CU#253|Science & Nature|Habitats and Biodiversity (Gr 2)|secondary|Nature song — connects to habitats and biodiversity
408|Poor Little Sandy Girl|Nature & Plants, Seasons & Weather, Water & Sea|CU#255|Science & Nature|Seasonal Sunlight patterns (sunrise/sunset) (Gr 1)|primary|Seasons song — connects to seasonal patterns
408|Poor Little Sandy Girl|Nature & Plants, Seasons & Weather, Water & Sea|CU#256|Science & Nature|Evidence that Earth events can occur quickly or slowly (Gr 2)|secondary|Seasons/weather song — connects to rates of Earth events
408|Poor Little Sandy Girl|Nature & Plants, Seasons & Weather, Water & Sea|CU#257|Science & Nature|Processes that shape the Earth - wind/water changing land (Gr 2)|primary|Water/sea song — connects to water shaping the land
410|Close your eyes and Dream|Bedtime & Lullaby, Body Parts, Feelings & Emotions|CU#219|Gross Motor & Movement|Balance and body control (static and moving) (Gr 1-2)|primary|Body parts song — connects to body awareness and control
410|Close your eyes and Dream|Bedtime & Lullaby, Body Parts, Feelings & Emotions|CU#221|Gross Motor & Movement|Moving to rhythm and tempo (Gr 1-2)|secondary|Body parts song — often sung with rhythmic movements
410|Close your eyes and Dream|Bedtime & Lullaby, Body Parts, Feelings & Emotions|CU#222|Gross Motor & Movement|Following multi-step movement directions / spatial awareness (Gr 1-2)|secondary|Body parts song — follows directions to move specific body parts
415|Mon petit lapin a bien du chagrin|Animals, Cultural & Folk|CU#226|Language & Vocabulary|Describe people, places, things, events with relevant details (Gr 1)|secondary|Song about animals — practice describing animals with details
415|Mon petit lapin a bien du chagrin|Animals, Cultural & Folk|CU#248|Science & Nature|Plant/animal structures that help survival (Gr 1)|primary|Animal song — connects to animal structures and their functions
415|Mon petit lapin a bien du chagrin|Animals, Cultural & Folk|CU#253|Science & Nature|Habitats and Biodiversity (Gr 2)|secondary|Animal song — connects to where animals live (habitats)
416|Stroke The Bunny|Animals|CU#226|Language & Vocabulary|Describe people, places, things, events with relevant details (Gr 1)|secondary|Song about animals — practice describing animals with details
416|Stroke The Bunny|Animals|CU#248|Science & Nature|Plant/animal structures that help survival (Gr 1)|primary|Animal song — connects to animal structures and their functions
416|Stroke The Bunny|Animals|CU#253|Science & Nature|Habitats and Biodiversity (Gr 2)|secondary|Animal song — connects to where animals live (habitats)
419|Jean Petit qui danse|Dance & Movement|CU#219|Gross Motor & Movement|Balance and body control (static and moving) (Gr 1-2)|secondary|Movement song — connects to body control
419|Jean Petit qui danse|Dance & Movement|CU#221|Gross Motor & Movement|Moving to rhythm and tempo (Gr 1-2)|primary|Dance/movement song — connects to moving with rhythm
419|Jean Petit qui danse|Dance & Movement|CU#222|Gross Motor & Movement|Following multi-step movement directions / spatial awareness (Gr 1-2)|secondary|Movement song — connects to following movement directions
422|A Monkey and a Hound  / Le singe et le chien|Animals|CU#226|Language & Vocabulary|Describe people, places, things, events with relevant details (Gr 1)|secondary|Song about animals — practice describing animals with details
422|A Monkey and a Hound  / Le singe et le chien|Animals|CU#248|Science & Nature|Plant/animal structures that help survival (Gr 1)|primary|Animal song — connects to animal structures and their functions
422|A Monkey and a Hound  / Le singe et le chien|Animals|CU#253|Science & Nature|Habitats and Biodiversity (Gr 2)|secondary|Animal song — connects to where animals live (habitats)
424|I Have a Little Drum|Music & Instruments|CU#210|Routines & Transitions|Following 2-3 step verbal directions (Gr 1-2)|secondary|Instrument song — following directions to play/move instruments
424|I Have a Little Drum|Music & Instruments|CU#221|Gross Motor & Movement|Moving to rhythm and tempo (Gr 1-2)|secondary|Music song — connects to rhythm and steady beat
424|I Have a Little Drum|Music & Instruments|CU#240|Science & Nature|Sound and Vibrating Materials (Gr 1)|primary|Music/instrument song — connects to how instruments make sound
425|A Chubby Little Snowman/ Voici un bonhomme de neige|Cultural & Folk, Seasons & Weather|CU#255|Science & Nature|Seasonal Sunlight patterns (sunrise/sunset) (Gr 1)|primary|Seasons song — connects to seasonal patterns
425|A Chubby Little Snowman/ Voici un bonhomme de neige|Cultural & Folk, Seasons & Weather|CU#256|Science & Nature|Evidence that Earth events can occur quickly or slowly (Gr 2)|secondary|Seasons/weather song — connects to rates of Earth events
426|Toboggan Hill|Nature & Plants, Seasons & Weather|CU#248|Science & Nature|Plant/animal structures that help survival (Gr 1)|secondary|Nature song — connects to plant structures
426|Toboggan Hill|Nature & Plants, Seasons & Weather|CU#251|Science & Nature|Environmental Plant Needs (Gr 2)|secondary|Nature song — connects to plant needs and growth
426|Toboggan Hill|Nature & Plants, Seasons & Weather|CU#253|Science & Nature|Habitats and Biodiversity (Gr 2)|secondary|Nature song — connects to habitats and biodiversity
426|Toboggan Hill|Nature & Plants, Seasons & Weather|CU#255|Science & Nature|Seasonal Sunlight patterns (sunrise/sunset) (Gr 1)|primary|Seasons song — connects to seasonal patterns
426|Toboggan Hill|Nature & Plants, Seasons & Weather|CU#256|Science & Nature|Evidence that Earth events can occur quickly or slowly (Gr 2)|secondary|Seasons/weather song — connects to rates of Earth events
426|Toboggan Hill|Nature & Plants, Seasons & Weather|CU#257|Science & Nature|Processes that shape the Earth - wind/water changing land (Gr 2)|secondary|Landscape song — connects to Earth surface processes
427|The Cookie Song|Food & Cooking, Music & Instruments|CU#210|Routines & Transitions|Following 2-3 step verbal directions (Gr 1-2)|secondary|Instrument song — following directions to play/move instruments
427|The Cookie Song|Food & Cooking, Music & Instruments|CU#221|Gross Motor & Movement|Moving to rhythm and tempo (Gr 1-2)|secondary|Music song — connects to rhythm and steady beat
427|The Cookie Song|Food & Cooking, Music & Instruments|CU#240|Science & Nature|Sound and Vibrating Materials (Gr 1)|primary|Music/instrument song — connects to how instruments make sound
433|Wiggle Your Fingers |Body Parts, Dance & Movement|CU#214|Fine Motor Skills|Pencil grip and letter formation (Gr 1-2)|secondary|Fingerplay song — strengthens finger muscles for writing
433|Wiggle Your Fingers |Body Parts, Dance & Movement|CU#217|Fine Motor Skills|Drawing with increasing detail and control (Gr 1-2)|secondary|Fingerplay song — develops fine motor control
433|Wiggle Your Fingers |Body Parts, Dance & Movement|CU#218|Gross Motor & Movement|Locomotor skills: running, jumping, hopping, skipping (Gr 1-2)|secondary|Movement song — connects to locomotor skills
433|Wiggle Your Fingers |Body Parts, Dance & Movement|CU#219|Gross Motor & Movement|Balance and body control (static and moving) (Gr 1-2)|primary|Body parts song — connects to body awareness and control
433|Wiggle Your Fingers |Body Parts, Dance & Movement|CU#221|Gross Motor & Movement|Moving to rhythm and tempo (Gr 1-2)|secondary|Body parts song — often sung with rhythmic movements
433|Wiggle Your Fingers |Body Parts, Dance & Movement|CU#222|Gross Motor & Movement|Following multi-step movement directions / spatial awareness (Gr 1-2)|secondary|Movement song — connects to following movement directions
434|Jump Jim Joe|Dance & Movement|CU#218|Gross Motor & Movement|Locomotor skills: running, jumping, hopping, skipping (Gr 1-2)|primary|Action song with jumping/hopping — directly connects to locomotor skills
434|Jump Jim Joe|Dance & Movement|CU#219|Gross Motor & Movement|Balance and body control (static and moving) (Gr 1-2)|secondary|Movement song — connects to body control
434|Jump Jim Joe|Dance & Movement|CU#222|Gross Motor & Movement|Following multi-step movement directions / spatial awareness (Gr 1-2)|secondary|Movement song — connects to following movement directions
435|Here We Go Zodeo|Dance & Movement|CU#219|Gross Motor & Movement|Balance and body control (static and moving) (Gr 1-2)|secondary|Movement song — connects to body control
435|Here We Go Zodeo|Dance & Movement|CU#221|Gross Motor & Movement|Moving to rhythm and tempo (Gr 1-2)|primary|Dance/movement song — connects to moving with rhythm
435|Here We Go Zodeo|Dance & Movement|CU#222|Gross Motor & Movement|Following multi-step movement directions / spatial awareness (Gr 1-2)|secondary|Movement song — connects to following movement directions
444|Alabama Gals|Dance & Movement|CU#219|Gross Motor & Movement|Balance and body control (static and moving) (Gr 1-2)|secondary|Movement song — connects to body control
444|Alabama Gals|Dance & Movement|CU#221|Gross Motor & Movement|Moving to rhythm and tempo (Gr 1-2)|primary|Dance/movement song — connects to moving with rhythm
444|Alabama Gals|Dance & Movement|CU#222|Gross Motor & Movement|Following multi-step movement directions / spatial awareness (Gr 1-2)|secondary|Movement song — connects to following movement directions
446|We're floating down the river|Water & Sea|CU#226|Language & Vocabulary|Describe people, places, things, events with relevant details (Gr 1)|secondary|Song about water/sea — practice descriptive language
446|We're floating down the river|Water & Sea|CU#256|Science & Nature|Evidence that Earth events can occur quickly or slowly (Gr 2)|secondary|Water/sea song — connects to Earth events
446|We're floating down the river|Water & Sea|CU#257|Science & Nature|Processes that shape the Earth - wind/water changing land (Gr 2)|primary|Water/sea song — connects to water shaping the land
448|Old Bald Eagle|Animals|CU#226|Language & Vocabulary|Describe people, places, things, events with relevant details (Gr 1)|secondary|Song about animals — practice describing animals with details
448|Old Bald Eagle|Animals|CU#248|Science & Nature|Plant/animal structures that help survival (Gr 1)|primary|Farm/bird song — connects to animal structures and survival
448|Old Bald Eagle|Animals|CU#252|Science & Nature|Seed Dispersal and Pollination (Gr 2)|secondary|Bee/bird song — connects to pollination and seed dispersal
452|Bingo Farm|Farm|CU#226|Language & Vocabulary|Describe people, places, things, events with relevant details (Gr 1)|secondary|Farm song — practice describing farm life
452|Bingo Farm|Farm|CU#248|Science & Nature|Plant/animal structures that help survival (Gr 1)|primary|Farm song — connects to farm animal structures
452|Bingo Farm|Farm|CU#250|Science & Nature|Plant and Animal Structures - offspring resemble parents (Gr 1)|primary|Farm song — connects to farm animal families/offspring
452|Bingo Farm|Farm|CU#251|Science & Nature|Environmental Plant Needs (Gr 2)|secondary|Farm song — connects to growing food/plants on a farm
452|Bingo Farm|Farm|CU#253|Science & Nature|Habitats and Biodiversity (Gr 2)|secondary|Farm song — farm as a habitat for animals and plants
453|Glory to the Mountain|Nature & Plants, Numbers & Counting|CU#248|Science & Nature|Plant/animal structures that help survival (Gr 1)|secondary|Nature song — connects to plant structures
453|Glory to the Mountain|Nature & Plants, Numbers & Counting|CU#251|Science & Nature|Environmental Plant Needs (Gr 2)|secondary|Nature song — connects to plant needs and growth
453|Glory to the Mountain|Nature & Plants, Numbers & Counting|CU#253|Science & Nature|Habitats and Biodiversity (Gr 2)|secondary|Nature song — connects to habitats and biodiversity
453|Glory to the Mountain|Nature & Plants, Numbers & Counting|CU#257|Science & Nature|Processes that shape the Earth - wind/water changing land (Gr 2)|secondary|Landscape song — connects to Earth surface processes
457|Mice Rhymes|Animals|CU#226|Language & Vocabulary|Describe people, places, things, events with relevant details (Gr 1)|secondary|Song about animals — practice describing animals with details
457|Mice Rhymes|Animals|CU#248|Science & Nature|Plant/animal structures that help survival (Gr 1)|primary|Animal song — connects to animal structures and their functions
457|Mice Rhymes|Animals|CU#253|Science & Nature|Habitats and Biodiversity (Gr 2)|secondary|Animal song — connects to where animals live (habitats)
458|Motorcycle Ride|Transportation|CU#222|Gross Motor & Movement|Following multi-step movement directions / spatial awareness (Gr 1-2)|secondary|Movement song about vehicles — spatial and directional awareness
458|Motorcycle Ride|Transportation|CU#226|Language & Vocabulary|Describe people, places, things, events with relevant details (Gr 1)|primary|Transportation song — practice describing vehicles and travel
460|Clap your Hands |Body Parts|CU#214|Fine Motor Skills|Pencil grip and letter formation (Gr 1-2)|secondary|Fingerplay song — strengthens finger muscles for writing
460|Clap your Hands |Body Parts|CU#217|Fine Motor Skills|Drawing with increasing detail and control (Gr 1-2)|secondary|Fingerplay song — develops fine motor control
460|Clap your Hands |Body Parts|CU#219|Gross Motor & Movement|Balance and body control (static and moving) (Gr 1-2)|primary|Body parts song — connects to body awareness and control
460|Clap your Hands |Body Parts|CU#221|Gross Motor & Movement|Moving to rhythm and tempo (Gr 1-2)|secondary|Body parts song — often sung with rhythmic movements
461|Toe Tittly|Body Parts|CU#219|Gross Motor & Movement|Balance and body control (static and moving) (Gr 1-2)|primary|Body parts song — connects to body awareness and control
461|Toe Tittly|Body Parts|CU#221|Gross Motor & Movement|Moving to rhythm and tempo (Gr 1-2)|secondary|Body parts song — often sung with rhythmic movements
461|Toe Tittly|Body Parts|CU#222|Gross Motor & Movement|Following multi-step movement directions / spatial awareness (Gr 1-2)|secondary|Body parts song — follows directions to move specific body parts
462|The Truck Song|Music & Instruments, Transportation|CU#190|Literacy & Phonics|Identify main topic and key details of informational text (Gr 2)|secondary|Transportation song — practice identifying main ideas about vehicles
462|The Truck Song|Music & Instruments, Transportation|CU#210|Routines & Transitions|Following 2-3 step verbal directions (Gr 1-2)|secondary|Instrument song — following directions to play/move instruments
462|The Truck Song|Music & Instruments, Transportation|CU#221|Gross Motor & Movement|Moving to rhythm and tempo (Gr 1-2)|secondary|Music song — connects to rhythm and steady beat
462|The Truck Song|Music & Instruments, Transportation|CU#226|Language & Vocabulary|Describe people, places, things, events with relevant details (Gr 1)|primary|Transportation song — practice describing vehicles and travel
462|The Truck Song|Music & Instruments, Transportation|CU#240|Science & Nature|Sound and Vibrating Materials (Gr 1)|primary|Music/instrument song — connects to how instruments make sound
463|The Train Wheels are Rolling|Transportation|CU#190|Literacy & Phonics|Identify main topic and key details of informational text (Gr 2)|secondary|Transportation song — practice identifying main ideas about vehicles
463|The Train Wheels are Rolling|Transportation|CU#226|Language & Vocabulary|Describe people, places, things, events with relevant details (Gr 1)|primary|Transportation song — practice describing vehicles and travel
464|Sally Go Round the Sun|Seasons & Weather|CU#254|Science & Nature|Sun, Moon, and Star Patterns (Gr 1)|primary|Moon/sun/star song — directly connects to sky patterns
464|Sally Go Round the Sun|Seasons & Weather|CU#255|Science & Nature|Seasonal Sunlight patterns (sunrise/sunset) (Gr 1)|secondary|Sun/moon song — connects to daily and seasonal sunlight changes
464|Sally Go Round the Sun|Seasons & Weather|CU#256|Science & Nature|Evidence that Earth events can occur quickly or slowly (Gr 2)|secondary|Seasons/weather song — connects to rates of Earth events
465|Pterodactyl Song|Animals, Music & Instruments|CU#210|Routines & Transitions|Following 2-3 step verbal directions (Gr 1-2)|secondary|Instrument song — following directions to play/move instruments
465|Pterodactyl Song|Animals, Music & Instruments|CU#221|Gross Motor & Movement|Moving to rhythm and tempo (Gr 1-2)|secondary|Music song — connects to rhythm and steady beat
465|Pterodactyl Song|Animals, Music & Instruments|CU#226|Language & Vocabulary|Describe people, places, things, events with relevant details (Gr 1)|secondary|Song about animals — practice describing animals with details
465|Pterodactyl Song|Animals, Music & Instruments|CU#240|Science & Nature|Sound and Vibrating Materials (Gr 1)|primary|Music/instrument song — connects to how instruments make sound
465|Pterodactyl Song|Animals, Music & Instruments|CU#248|Science & Nature|Plant/animal structures that help survival (Gr 1)|primary|Animal song — connects to animal structures and their functions
465|Pterodactyl Song|Animals, Music & Instruments|CU#253|Science & Nature|Habitats and Biodiversity (Gr 2)|secondary|Animal song — connects to where animals live (habitats)
465|Pterodactyl Song|Animals, Music & Instruments|CU#256|Science & Nature|Evidence that Earth events can occur quickly or slowly (Gr 2)|primary|Prehistoric animal song — connects to extinction as an Earth event
467|A Chubby Little Snowman? Voici in bonhomme de neige|Seasons & Weather|CU#255|Science & Nature|Seasonal Sunlight patterns (sunrise/sunset) (Gr 1)|primary|Seasons song — connects to seasonal patterns
467|A Chubby Little Snowman? Voici in bonhomme de neige|Seasons & Weather|CU#256|Science & Nature|Evidence that Earth events can occur quickly or slowly (Gr 2)|secondary|Seasons/weather song — connects to rates of Earth events
468|Snow On the Rooftops|Seasons & Weather|CU#255|Science & Nature|Seasonal Sunlight patterns (sunrise/sunset) (Gr 1)|primary|Seasonal song — connects to seasonal changes in sunlight
468|Snow On the Rooftops|Seasons & Weather|CU#256|Science & Nature|Evidence that Earth events can occur quickly or slowly (Gr 2)|secondary|Seasons/weather song — connects to rates of Earth events
470|Spring is Coming|Seasons & Weather|CU#255|Science & Nature|Seasonal Sunlight patterns (sunrise/sunset) (Gr 1)|primary|Seasonal song — connects to seasonal changes in sunlight
470|Spring is Coming|Seasons & Weather|CU#256|Science & Nature|Evidence that Earth events can occur quickly or slowly (Gr 2)|secondary|Seasons/weather song — connects to rates of Earth events
471|Welcome Summer|Seasons & Weather|CU#255|Science & Nature|Seasonal Sunlight patterns (sunrise/sunset) (Gr 1)|primary|Seasonal song — connects to seasonal changes in sunlight
471|Welcome Summer|Seasons & Weather|CU#256|Science & Nature|Evidence that Earth events can occur quickly or slowly (Gr 2)|secondary|Seasons/weather song — connects to rates of Earth events
473|The Pie Song|Food & Cooking, Music & Instruments|CU#210|Routines & Transitions|Following 2-3 step verbal directions (Gr 1-2)|secondary|Instrument song — following directions to play/move instruments
473|The Pie Song|Food & Cooking, Music & Instruments|CU#221|Gross Motor & Movement|Moving to rhythm and tempo (Gr 1-2)|secondary|Music song — connects to rhythm and steady beat
473|The Pie Song|Food & Cooking, Music & Instruments|CU#240|Science & Nature|Sound and Vibrating Materials (Gr 1)|primary|Music/instrument song — connects to how instruments make sound
474|Keeper of the Bees|Animals|CU#226|Language & Vocabulary|Describe people, places, things, events with relevant details (Gr 1)|secondary|Song about animals — practice describing animals with details
474|Keeper of the Bees|Animals|CU#252|Science & Nature|Seed Dispersal and Pollination (Gr 2)|secondary|Bee/bird song — connects to pollination and seed dispersal
477|Glory to the Mountain|Nature & Plants|CU#248|Science & Nature|Plant/animal structures that help survival (Gr 1)|secondary|Nature song — connects to plant structures
477|Glory to the Mountain|Nature & Plants|CU#251|Science & Nature|Environmental Plant Needs (Gr 2)|secondary|Nature song — connects to plant needs and growth
477|Glory to the Mountain|Nature & Plants|CU#253|Science & Nature|Habitats and Biodiversity (Gr 2)|secondary|Nature song — connects to habitats and biodiversity
477|Glory to the Mountain|Nature & Plants|CU#257|Science & Nature|Processes that shape the Earth - wind/water changing land (Gr 2)|secondary|Landscape song — connects to Earth surface processes
478|We're Jumping|Dance & Movement|CU#219|Gross Motor & Movement|Balance and body control (static and moving) (Gr 1-2)|secondary|Movement song — connects to body control
478|We're Jumping|Dance & Movement|CU#221|Gross Motor & Movement|Moving to rhythm and tempo (Gr 1-2)|primary|Dance/movement song — connects to moving with rhythm
478|We're Jumping|Dance & Movement|CU#222|Gross Motor & Movement|Following multi-step movement directions / spatial awareness (Gr 1-2)|secondary|Movement song — connects to following movement directions
482|Stroke The Bunny|Animals|CU#226|Language & Vocabulary|Describe people, places, things, events with relevant details (Gr 1)|secondary|Song about animals — practice describing animals with details
482|Stroke The Bunny|Animals|CU#248|Science & Nature|Plant/animal structures that help survival (Gr 1)|primary|Animal song — connects to animal structures and their functions
482|Stroke The Bunny|Animals|CU#253|Science & Nature|Habitats and Biodiversity (Gr 2)|secondary|Animal song — connects to where animals live (habitats)
488|A Monkey and a Hound  / Le singe et le chien|Animals|CU#226|Language & Vocabulary|Describe people, places, things, events with relevant details (Gr 1)|secondary|Song about animals — practice describing animals with details
488|A Monkey and a Hound  / Le singe et le chien|Animals|CU#248|Science & Nature|Plant/animal structures that help survival (Gr 1)|primary|Animal song — connects to animal structures and their functions
488|A Monkey and a Hound  / Le singe et le chien|Animals|CU#253|Science & Nature|Habitats and Biodiversity (Gr 2)|secondary|Animal song — connects to where animals live (habitats)
490|I Have a Little Drum|Music & Instruments|CU#210|Routines & Transitions|Following 2-3 step verbal directions (Gr 1-2)|secondary|Instrument song — following directions to play/move instruments
490|I Have a Little Drum|Music & Instruments|CU#221|Gross Motor & Movement|Moving to rhythm and tempo (Gr 1-2)|secondary|Music song — connects to rhythm and steady beat
490|I Have a Little Drum|Music & Instruments|CU#240|Science & Nature|Sound and Vibrating Materials (Gr 1)|primary|Music/instrument song — connects to how instruments make sound
491|A Chubby Little Snowman/ Voici un bonhomme de neige|Cultural & Folk, Seasons & Weather|CU#255|Science & Nature|Seasonal Sunlight patterns (sunrise/sunset) (Gr 1)|primary|Seasons song — connects to seasonal patterns
491|A Chubby Little Snowman/ Voici un bonhomme de neige|Cultural & Folk, Seasons & Weather|CU#256|Science & Nature|Evidence that Earth events can occur quickly or slowly (Gr 2)|secondary|Seasons/weather song — connects to rates of Earth events
492|Toboggan Hill|Nature & Plants, Seasons & Weather|CU#248|Science & Nature|Plant/animal structures that help survival (Gr 1)|secondary|Nature song — connects to plant structures
492|Toboggan Hill|Nature & Plants, Seasons & Weather|CU#251|Science & Nature|Environmental Plant Needs (Gr 2)|secondary|Nature song — connects to plant needs and growth
492|Toboggan Hill|Nature & Plants, Seasons & Weather|CU#253|Science & Nature|Habitats and Biodiversity (Gr 2)|secondary|Nature song — connects to habitats and biodiversity
492|Toboggan Hill|Nature & Plants, Seasons & Weather|CU#255|Science & Nature|Seasonal Sunlight patterns (sunrise/sunset) (Gr 1)|primary|Seasons song — connects to seasonal patterns
492|Toboggan Hill|Nature & Plants, Seasons & Weather|CU#256|Science & Nature|Evidence that Earth events can occur quickly or slowly (Gr 2)|secondary|Seasons/weather song — connects to rates of Earth events
492|Toboggan Hill|Nature & Plants, Seasons & Weather|CU#257|Science & Nature|Processes that shape the Earth - wind/water changing land (Gr 2)|secondary|Landscape song — connects to Earth surface processes
493|The Cookie Song|Food & Cooking, Music & Instruments|CU#210|Routines & Transitions|Following 2-3 step verbal directions (Gr 1-2)|secondary|Instrument song — following directions to play/move instruments
493|The Cookie Song|Food & Cooking, Music & Instruments|CU#221|Gross Motor & Movement|Moving to rhythm and tempo (Gr 1-2)|secondary|Music song — connects to rhythm and steady beat
493|The Cookie Song|Food & Cooking, Music & Instruments|CU#240|Science & Nature|Sound and Vibrating Materials (Gr 1)|primary|Music/instrument song — connects to how instruments make sound
499|Wiggle Your Fingers |Body Parts, Dance & Movement|CU#214|Fine Motor Skills|Pencil grip and letter formation (Gr 1-2)|secondary|Fingerplay song — strengthens finger muscles for writing
499|Wiggle Your Fingers |Body Parts, Dance & Movement|CU#217|Fine Motor Skills|Drawing with increasing detail and control (Gr 1-2)|secondary|Fingerplay song — develops fine motor control
499|Wiggle Your Fingers |Body Parts, Dance & Movement|CU#218|Gross Motor & Movement|Locomotor skills: running, jumping, hopping, skipping (Gr 1-2)|secondary|Movement song — connects to locomotor skills
499|Wiggle Your Fingers |Body Parts, Dance & Movement|CU#219|Gross Motor & Movement|Balance and body control (static and moving) (Gr 1-2)|primary|Body parts song — connects to body awareness and control
499|Wiggle Your Fingers |Body Parts, Dance & Movement|CU#221|Gross Motor & Movement|Moving to rhythm and tempo (Gr 1-2)|secondary|Body parts song — often sung with rhythmic movements
499|Wiggle Your Fingers |Body Parts, Dance & Movement|CU#222|Gross Motor & Movement|Following multi-step movement directions / spatial awareness (Gr 1-2)|secondary|Movement song — connects to following movement directions
502|Mice Rhymes|Animals|CU#226|Language & Vocabulary|Describe people, places, things, events with relevant details (Gr 1)|secondary|Song about animals — practice describing animals with details
502|Mice Rhymes|Animals|CU#248|Science & Nature|Plant/animal structures that help survival (Gr 1)|primary|Animal song — connects to animal structures and their functions
502|Mice Rhymes|Animals|CU#253|Science & Nature|Habitats and Biodiversity (Gr 2)|secondary|Animal song — connects to where animals live (habitats)
503|Motorcycle Ride|Transportation|CU#222|Gross Motor & Movement|Following multi-step movement directions / spatial awareness (Gr 1-2)|secondary|Movement song about vehicles — spatial and directional awareness
503|Motorcycle Ride|Transportation|CU#226|Language & Vocabulary|Describe people, places, things, events with relevant details (Gr 1)|primary|Transportation song — practice describing vehicles and travel
505|Clap your Hands |Body Parts|CU#214|Fine Motor Skills|Pencil grip and letter formation (Gr 1-2)|secondary|Fingerplay song — strengthens finger muscles for writing
505|Clap your Hands |Body Parts|CU#217|Fine Motor Skills|Drawing with increasing detail and control (Gr 1-2)|secondary|Fingerplay song — develops fine motor control
505|Clap your Hands |Body Parts|CU#219|Gross Motor & Movement|Balance and body control (static and moving) (Gr 1-2)|primary|Body parts song — connects to body awareness and control
505|Clap your Hands |Body Parts|CU#221|Gross Motor & Movement|Moving to rhythm and tempo (Gr 1-2)|secondary|Body parts song — often sung with rhythmic movements
506|Toe Tittly|Body Parts|CU#219|Gross Motor & Movement|Balance and body control (static and moving) (Gr 1-2)|primary|Body parts song — connects to body awareness and control
506|Toe Tittly|Body Parts|CU#221|Gross Motor & Movement|Moving to rhythm and tempo (Gr 1-2)|secondary|Body parts song — often sung with rhythmic movements
506|Toe Tittly|Body Parts|CU#222|Gross Motor & Movement|Following multi-step movement directions / spatial awareness (Gr 1-2)|secondary|Body parts song — follows directions to move specific body parts
507|The Truck Song|Music & Instruments, Transportation|CU#190|Literacy & Phonics|Identify main topic and key details of informational text (Gr 2)|secondary|Transportation song — practice identifying main ideas about vehicles
507|The Truck Song|Music & Instruments, Transportation|CU#210|Routines & Transitions|Following 2-3 step verbal directions (Gr 1-2)|secondary|Instrument song — following directions to play/move instruments
507|The Truck Song|Music & Instruments, Transportation|CU#221|Gross Motor & Movement|Moving to rhythm and tempo (Gr 1-2)|secondary|Music song — connects to rhythm and steady beat
507|The Truck Song|Music & Instruments, Transportation|CU#226|Language & Vocabulary|Describe people, places, things, events with relevant details (Gr 1)|primary|Transportation song — practice describing vehicles and travel
507|The Truck Song|Music & Instruments, Transportation|CU#240|Science & Nature|Sound and Vibrating Materials (Gr 1)|primary|Music/instrument song — connects to how instruments make sound
508|The Train Wheels are Rolling|Transportation|CU#190|Literacy & Phonics|Identify main topic and key details of informational text (Gr 2)|secondary|Transportation song — practice identifying main ideas about vehicles
508|The Train Wheels are Rolling|Transportation|CU#226|Language & Vocabulary|Describe people, places, things, events with relevant details (Gr 1)|primary|Transportation song — practice describing vehicles and travel
509|Sally Go Round the Sun|Seasons & Weather|CU#254|Science & Nature|Sun, Moon, and Star Patterns (Gr 1)|primary|Moon/sun/star song — directly connects to sky patterns
509|Sally Go Round the Sun|Seasons & Weather|CU#255|Science & Nature|Seasonal Sunlight patterns (sunrise/sunset) (Gr 1)|secondary|Sun/moon song — connects to daily and seasonal sunlight changes
509|Sally Go Round the Sun|Seasons & Weather|CU#256|Science & Nature|Evidence that Earth events can occur quickly or slowly (Gr 2)|secondary|Seasons/weather song — connects to rates of Earth events
510|Pterodactyl Song|Animals, Music & Instruments|CU#210|Routines & Transitions|Following 2-3 step verbal directions (Gr 1-2)|secondary|Instrument song — following directions to play/move instruments
510|Pterodactyl Song|Animals, Music & Instruments|CU#221|Gross Motor & Movement|Moving to rhythm and tempo (Gr 1-2)|secondary|Music song — connects to rhythm and steady beat
510|Pterodactyl Song|Animals, Music & Instruments|CU#226|Language & Vocabulary|Describe people, places, things, events with relevant details (Gr 1)|secondary|Song about animals — practice describing animals with details
510|Pterodactyl Song|Animals, Music & Instruments|CU#240|Science & Nature|Sound and Vibrating Materials (Gr 1)|primary|Music/instrument song — connects to how instruments make sound
510|Pterodactyl Song|Animals, Music & Instruments|CU#248|Science & Nature|Plant/animal structures that help survival (Gr 1)|primary|Animal song — connects to animal structures and their functions
510|Pterodactyl Song|Animals, Music & Instruments|CU#253|Science & Nature|Habitats and Biodiversity (Gr 2)|secondary|Animal song — connects to where animals live (habitats)
510|Pterodactyl Song|Animals, Music & Instruments|CU#256|Science & Nature|Evidence that Earth events can occur quickly or slowly (Gr 2)|primary|Prehistoric animal song — connects to extinction as an Earth event
512|A Chubby Little Snowman? Voici in bonhomme de neige|Seasons & Weather|CU#255|Science & Nature|Seasonal Sunlight patterns (sunrise/sunset) (Gr 1)|primary|Seasons song — connects to seasonal patterns
512|A Chubby Little Snowman? Voici in bonhomme de neige|Seasons & Weather|CU#256|Science & Nature|Evidence that Earth events can occur quickly or slowly (Gr 2)|secondary|Seasons/weather song — connects to rates of Earth events
513|Snow On the Rooftops|Seasons & Weather|CU#255|Science & Nature|Seasonal Sunlight patterns (sunrise/sunset) (Gr 1)|primary|Seasonal song — connects to seasonal changes in sunlight
513|Snow On the Rooftops|Seasons & Weather|CU#256|Science & Nature|Evidence that Earth events can occur quickly or slowly (Gr 2)|secondary|Seasons/weather song — connects to rates of Earth events
515|Spring is Coming|Seasons & Weather|CU#255|Science & Nature|Seasonal Sunlight patterns (sunrise/sunset) (Gr 1)|primary|Seasonal song — connects to seasonal changes in sunlight
515|Spring is Coming|Seasons & Weather|CU#256|Science & Nature|Evidence that Earth events can occur quickly or slowly (Gr 2)|secondary|Seasons/weather song — connects to rates of Earth events
516|Welcome Summer|Seasons & Weather|CU#255|Science & Nature|Seasonal Sunlight patterns (sunrise/sunset) (Gr 1)|primary|Seasonal song — connects to seasonal changes in sunlight
516|Welcome Summer|Seasons & Weather|CU#256|Science & Nature|Evidence that Earth events can occur quickly or slowly (Gr 2)|secondary|Seasons/weather song — connects to rates of Earth events
518|The Pie Song|Food & Cooking, Music & Instruments|CU#210|Routines & Transitions|Following 2-3 step verbal directions (Gr 1-2)|secondary|Instrument song — following directions to play/move instruments
518|The Pie Song|Food & Cooking, Music & Instruments|CU#221|Gross Motor & Movement|Moving to rhythm and tempo (Gr 1-2)|secondary|Music song — connects to rhythm and steady beat
518|The Pie Song|Food & Cooking, Music & Instruments|CU#240|Science & Nature|Sound and Vibrating Materials (Gr 1)|primary|Music/instrument song — connects to how instruments make sound
522|Glory to the Mountain|Nature & Plants|CU#248|Science & Nature|Plant/animal structures that help survival (Gr 1)|secondary|Nature song — connects to plant structures
522|Glory to the Mountain|Nature & Plants|CU#251|Science & Nature|Environmental Plant Needs (Gr 2)|secondary|Nature song — connects to plant needs and growth
522|Glory to the Mountain|Nature & Plants|CU#253|Science & Nature|Habitats and Biodiversity (Gr 2)|secondary|Nature song — connects to habitats and biodiversity
522|Glory to the Mountain|Nature & Plants|CU#257|Science & Nature|Processes that shape the Earth - wind/water changing land (Gr 2)|secondary|Landscape song — connects to Earth surface processes
523|We're Jumping|Dance & Movement|CU#219|Gross Motor & Movement|Balance and body control (static and moving) (Gr 1-2)|secondary|Movement song — connects to body control
523|We're Jumping|Dance & Movement|CU#221|Gross Motor & Movement|Moving to rhythm and tempo (Gr 1-2)|primary|Dance/movement song — connects to moving with rhythm
523|We're Jumping|Dance & Movement|CU#222|Gross Motor & Movement|Following multi-step movement directions / spatial awareness (Gr 1-2)|secondary|Movement song — connects to following movement directions
530|Nage, nage, nage|Water & Sea|CU#226|Language & Vocabulary|Describe people, places, things, events with relevant details (Gr 1)|secondary|Song about water/sea — practice descriptive language
530|Nage, nage, nage|Water & Sea|CU#256|Science & Nature|Evidence that Earth events can occur quickly or slowly (Gr 2)|secondary|Water/sea song — connects to Earth events
530|Nage, nage, nage|Water & Sea|CU#257|Science & Nature|Processes that shape the Earth - wind/water changing land (Gr 2)|primary|Water/sea song — connects to water shaping the land
531|Un bateau, Mamie, Mamie|Cultural & Folk, Water & Sea|CU#226|Language & Vocabulary|Describe people, places, things, events with relevant details (Gr 1)|secondary|Song about water/sea — practice descriptive language
531|Un bateau, Mamie, Mamie|Cultural & Folk, Water & Sea|CU#256|Science & Nature|Evidence that Earth events can occur quickly or slowly (Gr 2)|secondary|Water/sea song — connects to Earth events
531|Un bateau, Mamie, Mamie|Cultural & Folk, Water & Sea|CU#257|Science & Nature|Processes that shape the Earth - wind/water changing land (Gr 2)|primary|Water/sea song — connects to water shaping the land
555|Voici un bonhomme de neige|Cultural & Folk, Seasons & Weather|CU#255|Science & Nature|Seasonal Sunlight patterns (sunrise/sunset) (Gr 1)|primary|Seasons song — connects to seasonal patterns
555|Voici un bonhomme de neige|Cultural & Folk, Seasons & Weather|CU#256|Science & Nature|Evidence that Earth events can occur quickly or slowly (Gr 2)|secondary|Seasons/weather song — connects to rates of Earth events
