song_id|song_name|theme|suggested_cu_id|subject|lesson_topic|relevance|teacher_rationale
415|Mon petit lapin a bien du chagrin|Animals, Cultural & Folk|223|Language & Vocabulary|Participate in collaborative conversations (Gr 1)|primary|This French folk song introduces children to a second language through music, building cross-cultural awareness and early language skills. The repetitive lyrics and melody make it accessible for young learners. Use during multicultural units or French language exposure activities - sing along with hand motions to support comprehension.
415|Mon petit lapin a bien du chagrin|Animals, Cultural & Folk|224|Language & Vocabulary|Ask and answer questions about key details (Gr 1)|secondary|"Teachers can ask questions about the French vocabulary in the song (e.g., ""What animal is this? What color is mentioned?""), building comprehension through question-and-answer routines. Use picture cards to support understanding of the French lyrics."
415|Mon petit lapin a bien du chagrin|Animals, Cultural & Folk|228|Language & Vocabulary|Produce complete sentences when appropriate (Gr 1)|secondary|"After learning the song, children can practice producing complete sentences about the song content in either French or English. Teachers can model simple sentences like ""The song is about a rabbit"" and encourage children to respond in full sentences."
415|Mon petit lapin a bien du chagrin|Animals, Cultural & Folk|261|SEL|Recognizing and respecting others' perspectives (Gr 1-2)|secondary|Learning a song from French Canadian culture builds respect for diversity and different cultural traditions. Discuss how children in French-speaking communities sing the same songs, helping children recognize and appreciate different perspectives and cultural practices.
99|The Baby Bear Waltz|Animals, Dance & Movement, Family|261|SEL|Recognizing and respecting others' perspectives (Gr 1-2)|primary|This family-themed song celebrates the important people in children's lives. Singing about families helps children recognize that all families are unique and worthy of respect. Use during community-building circles - invite children to share something special about their family after singing.
99|The Baby Bear Waltz|Animals, Dance & Movement, Family|263|SEL|Working cooperatively and resolving simple conflicts (Gr 1-2)|secondary|Family songs naturally lead to discussions about how family members work together, share, and resolve conflicts. Teachers can connect these discussions to classroom cooperation skills, helping children transfer prosocial behaviors from home to school.
186|The Baby Bear Waltz|Animals, Family|261|SEL|Recognizing and respecting others' perspectives (Gr 1-2)|primary|This family-themed song celebrates the important people in children's lives. Singing about families helps children recognize that all families are unique and worthy of respect. Use during community-building circles - invite children to share something special about their family after singing.
186|The Baby Bear Waltz|Animals, Family|263|SEL|Working cooperatively and resolving simple conflicts (Gr 1-2)|secondary|Family songs naturally lead to discussions about how family members work together, share, and resolve conflicts. Teachers can connect these discussions to classroom cooperation skills, helping children transfer prosocial behaviors from home to school.
201|Baby Shark|Animals, Family|261|SEL|Recognizing and respecting others' perspectives (Gr 1-2)|primary|This family-themed song celebrates the important people in children's lives. Singing about families helps children recognize that all families are unique and worthy of respect. Use during community-building circles - invite children to share something special about their family after singing.
201|Baby Shark|Animals, Family|263|SEL|Working cooperatively and resolving simple conflicts (Gr 1-2)|secondary|Family songs naturally lead to discussions about how family members work together, share, and resolve conflicts. Teachers can connect these discussions to classroom cooperation skills, helping children transfer prosocial behaviors from home to school.
151|Sweet Kentucky Babe|Bedtime & Lullaby, Cultural & Folk|223|Language & Vocabulary|Participate in collaborative conversations (Gr 1)|primary|This folk song from a different cultural tradition provides a rich context for collaborative conversation. Children can discuss the song's origin, meaning, and how it compares to songs they know. Use during circle time to build cross-cultural awareness and language skills.
151|Sweet Kentucky Babe|Bedtime & Lullaby, Cultural & Folk|261|SEL|Recognizing and respecting others' perspectives (Gr 1-2)|secondary|Folk songs naturally build cultural awareness as children learn music from diverse traditions. Discuss the culture or region the song comes from, helping children recognize and respect different perspectives and traditions from around the world.
124|Hush Little Baby|Bedtime & Lullaby, Family|258|SEL|Identifying and naming a range of emotions (Gr 1-2)|primary|This gentle family song about babies and caregivers evokes feelings of love, comfort, and security. Children can identify and name these warm emotions as they sing. Use during morning meeting or after lunch to create a calm, connected classroom atmosphere.
124|Hush Little Baby|Bedtime & Lullaby, Family|209|Classroom Routine|Transitioning between activities/subjects (Gr 1-2)|secondary|The soothing quality of this song makes it ideal as a transition signal between active and quiet activities. The family/caregiving theme reinforces feelings of safety and belonging during classroom transitions. Sing softly to signal clean-up time or preparation for the next activity.
124|Hush Little Baby|Bedtime & Lullaby, Family|211|Classroom Routine|Independent work routine / staying on task (Gr 1-2)|secondary|The calm, predictable nature of this lullaby-style song creates a focused atmosphere that supports independent work. After singing, children can transition into quiet individual activities, using the song as a settling cue for focused work time.
128|Rock a Bye Baby / Sleep Baby Sleep|Bedtime & Lullaby, Family|258|SEL|Identifying and naming a range of emotions (Gr 1-2)|primary|This gentle family song about babies and caregivers evokes feelings of love, comfort, and security. Children can identify and name these warm emotions as they sing. Use during morning meeting or after lunch to create a calm, connected classroom atmosphere.
128|Rock a Bye Baby / Sleep Baby Sleep|Bedtime & Lullaby, Family|209|Classroom Routine|Transitioning between activities/subjects (Gr 1-2)|secondary|The soothing quality of this song makes it ideal as a transition signal between active and quiet activities. The family/caregiving theme reinforces feelings of safety and belonging during classroom transitions. Sing softly to signal clean-up time or preparation for the next activity.
128|Rock a Bye Baby / Sleep Baby Sleep|Bedtime & Lullaby, Family|211|Classroom Routine|Independent work routine / staying on task (Gr 1-2)|secondary|The calm, predictable nature of this lullaby-style song creates a focused atmosphere that supports independent work. After singing, children can transition into quiet individual activities, using the song as a settling cue for focused work time.
146|Bye O Baby Bye|Bedtime & Lullaby, Family|209|Classroom Routine|Transitioning between activities/subjects (Gr 1-2)|primary|"This goodbye/lullaby song is perfect for signaling the end of an activity. The gentle melody and repetition of ""bye"" creates a predictable transition cue. Use to mark the end of play time or the transition from a parent-dropoff to the school day, especially for children who find transitions challenging."
146|Bye O Baby Bye|Bedtime & Lullaby, Family|258|SEL|Identifying and naming a range of emotions (Gr 1-2)|secondary|Saying goodbye can bring up mixed emotions. This song provides a safe way to acknowledge and name those feelings - sad to say goodbye, excited for what comes next. Discuss with children how they feel during transitions and validate all emotions.
150|Bye Baby Bye|Bedtime & Lullaby, Family|209|Classroom Routine|Transitioning between activities/subjects (Gr 1-2)|primary|"This goodbye/lullaby song is perfect for signaling the end of an activity. The gentle melody and repetition of ""bye"" creates a predictable transition cue. Use to mark the end of play time or the transition from a parent-dropoff to the school day, especially for children who find transitions challenging."
150|Bye Baby Bye|Bedtime & Lullaby, Family|258|SEL|Identifying and naming a range of emotions (Gr 1-2)|secondary|Saying goodbye can bring up mixed emotions. This song provides a safe way to acknowledge and name those feelings - sad to say goodbye, excited for what comes next. Discuss with children how they feel during transitions and validate all emotions.
226|Sleep small baby sleep|Bedtime & Lullaby, Family|258|SEL|Identifying and naming a range of emotions (Gr 1-2)|primary|This gentle family song about babies and caregivers evokes feelings of love, comfort, and security. Children can identify and name these warm emotions as they sing. Use during morning meeting or after lunch to create a calm, connected classroom atmosphere.
226|Sleep small baby sleep|Bedtime & Lullaby, Family|209|Classroom Routine|Transitioning between activities/subjects (Gr 1-2)|secondary|The soothing quality of this song makes it ideal as a transition signal between active and quiet activities. The family/caregiving theme reinforces feelings of safety and belonging during classroom transitions. Sing softly to signal clean-up time or preparation for the next activity.
226|Sleep small baby sleep|Bedtime & Lullaby, Family|211|Classroom Routine|Independent work routine / staying on task (Gr 1-2)|secondary|The calm, predictable nature of this lullaby-style song creates a focused atmosphere that supports independent work. After singing, children can transition into quiet individual activities, using the song as a settling cue for focused work time.
254|Hush Little Baby|Bedtime & Lullaby, Family|258|SEL|Identifying and naming a range of emotions (Gr 1-2)|primary|This gentle family song about babies and caregivers evokes feelings of love, comfort, and security. Children can identify and name these warm emotions as they sing. Use during morning meeting or after lunch to create a calm, connected classroom atmosphere.
254|Hush Little Baby|Bedtime & Lullaby, Family|209|Classroom Routine|Transitioning between activities/subjects (Gr 1-2)|secondary|The soothing quality of this song makes it ideal as a transition signal between active and quiet activities. The family/caregiving theme reinforces feelings of safety and belonging during classroom transitions. Sing softly to signal clean-up time or preparation for the next activity.
254|Hush Little Baby|Bedtime & Lullaby, Family|211|Classroom Routine|Independent work routine / staying on task (Gr 1-2)|secondary|The calm, predictable nature of this lullaby-style song creates a focused atmosphere that supports independent work. After singing, children can transition into quiet individual activities, using the song as a settling cue for focused work time.
399|Here is my baby ready for her nap|Bedtime & Lullaby, Family, Routines & Social Skills|258|SEL|Identifying and naming a range of emotions (Gr 1-2)|primary|This gentle family song about babies and caregivers evokes feelings of love, comfort, and security. Children can identify and name these warm emotions as they sing. Use during morning meeting or after lunch to create a calm, connected classroom atmosphere.
399|Here is my baby ready for her nap|Bedtime & Lullaby, Family, Routines & Social Skills|209|Classroom Routine|Transitioning between activities/subjects (Gr 1-2)|secondary|The soothing quality of this song makes it ideal as a transition signal between active and quiet activities. The family/caregiving theme reinforces feelings of safety and belonging during classroom transitions. Sing softly to signal clean-up time or preparation for the next activity.
399|Here is my baby ready for her nap|Bedtime & Lullaby, Family, Routines & Social Skills|211|Classroom Routine|Independent work routine / staying on task (Gr 1-2)|secondary|The calm, predictable nature of this lullaby-style song creates a focused atmosphere that supports independent work. After singing, children can transition into quiet individual activities, using the song as a settling cue for focused work time.
399|Here is my baby ready for her nap|Bedtime & Lullaby, Family, Routines & Social Skills|210|Classroom Routine|Following 2-3 step verbal directions (Gr 1-2)|primary|This song combines family themes with daily routine actions, providing natural practice in following sequential directions. Children learn the steps of a routine through song. Use during morning arrival or clean-up time to reinforce classroom procedures in a musical way.
399|Here is my baby ready for her nap|Bedtime & Lullaby, Family, Routines & Social Skills|213|Classroom Routine|Clean-up and end-of-day routine (Gr 1-2)|secondary|The routine-oriented content of this family song can be adapted as part of the end-of-day clean-up sequence. Sing while children complete familiar closing tasks, building independence and routine-following skills in a positive, predictable way.
218|Yo te amo|Cultural & Folk|223|Language & Vocabulary|Participate in collaborative conversations (Gr 1)|primary|This French folk song introduces children to a second language through music, building cross-cultural awareness and early language skills. The repetitive lyrics and melody make it accessible for young learners. Use during multicultural units or French language exposure activities - sing along with hand motions to support comprehension.
218|Yo te amo|Cultural & Folk|224|Language & Vocabulary|Ask and answer questions about key details (Gr 1)|secondary|"Teachers can ask questions about the French vocabulary in the song (e.g., ""What animal is this? What color is mentioned?""), building comprehension through question-and-answer routines. Use picture cards to support understanding of the French lyrics."
218|Yo te amo|Cultural & Folk|228|Language & Vocabulary|Produce complete sentences when appropriate (Gr 1)|secondary|"After learning the song, children can practice producing complete sentences about the song content in either French or English. Teachers can model simple sentences like ""The song is about a rabbit"" and encourage children to respond in full sentences."
218|Yo te amo|Cultural & Folk|261|SEL|Recognizing and respecting others' perspectives (Gr 1-2)|secondary|Learning a song from French Canadian culture builds respect for diversity and different cultural traditions. Discuss how children in French-speaking communities sing the same songs, helping children recognize and appreciate different perspectives and cultural practices.
221|Babushka Baio|Cultural & Folk|223|Language & Vocabulary|Participate in collaborative conversations (Gr 1)|primary|This French folk song introduces children to a second language through music, building cross-cultural awareness and early language skills. The repetitive lyrics and melody make it accessible for young learners. Use during multicultural units or French language exposure activities - sing along with hand motions to support comprehension.
221|Babushka Baio|Cultural & Folk|224|Language & Vocabulary|Ask and answer questions about key details (Gr 1)|secondary|"Teachers can ask questions about the French vocabulary in the song (e.g., ""What animal is this? What color is mentioned?""), building comprehension through question-and-answer routines. Use picture cards to support understanding of the French lyrics."
221|Babushka Baio|Cultural & Folk|228|Language & Vocabulary|Produce complete sentences when appropriate (Gr 1)|secondary|"After learning the song, children can practice producing complete sentences about the song content in either French or English. Teachers can model simple sentences like ""The song is about a rabbit"" and encourage children to respond in full sentences."
221|Babushka Baio|Cultural & Folk|261|SEL|Recognizing and respecting others' perspectives (Gr 1-2)|secondary|Learning a song from French Canadian culture builds respect for diversity and different cultural traditions. Discuss how children in French-speaking communities sing the same songs, helping children recognize and appreciate different perspectives and cultural practices.
227|Ho Ho Watanay|Cultural & Folk|223|Language & Vocabulary|Participate in collaborative conversations (Gr 1)|primary|This French folk song introduces children to a second language through music, building cross-cultural awareness and early language skills. The repetitive lyrics and melody make it accessible for young learners. Use during multicultural units or French language exposure activities - sing along with hand motions to support comprehension.
227|Ho Ho Watanay|Cultural & Folk|224|Language & Vocabulary|Ask and answer questions about key details (Gr 1)|secondary|"Teachers can ask questions about the French vocabulary in the song (e.g., ""What animal is this? What color is mentioned?""), building comprehension through question-and-answer routines. Use picture cards to support understanding of the French lyrics."
227|Ho Ho Watanay|Cultural & Folk|228|Language & Vocabulary|Produce complete sentences when appropriate (Gr 1)|secondary|"After learning the song, children can practice producing complete sentences about the song content in either French or English. Teachers can model simple sentences like ""The song is about a rabbit"" and encourage children to respond in full sentences."
227|Ho Ho Watanay|Cultural & Folk|261|SEL|Recognizing and respecting others' perspectives (Gr 1-2)|secondary|Learning a song from French Canadian culture builds respect for diversity and different cultural traditions. Discuss how children in French-speaking communities sing the same songs, helping children recognize and appreciate different perspectives and cultural practices.
251|Ho Ho Watanay|Cultural & Folk|223|Language & Vocabulary|Participate in collaborative conversations (Gr 1)|primary|This French folk song introduces children to a second language through music, building cross-cultural awareness and early language skills. The repetitive lyrics and melody make it accessible for young learners. Use during multicultural units or French language exposure activities - sing along with hand motions to support comprehension.
251|Ho Ho Watanay|Cultural & Folk|224|Language & Vocabulary|Ask and answer questions about key details (Gr 1)|secondary|"Teachers can ask questions about the French vocabulary in the song (e.g., ""What animal is this? What color is mentioned?""), building comprehension through question-and-answer routines. Use picture cards to support understanding of the French lyrics."
251|Ho Ho Watanay|Cultural & Folk|228|Language & Vocabulary|Produce complete sentences when appropriate (Gr 1)|secondary|"After learning the song, children can practice producing complete sentences about the song content in either French or English. Teachers can model simple sentences like ""The song is about a rabbit"" and encourage children to respond in full sentences."
251|Ho Ho Watanay|Cultural & Folk|261|SEL|Recognizing and respecting others' perspectives (Gr 1-2)|secondary|Learning a song from French Canadian culture builds respect for diversity and different cultural traditions. Discuss how children in French-speaking communities sing the same songs, helping children recognize and appreciate different perspectives and cultural practices.
379|Hoosen Johnny|Cultural & Folk|223|Language & Vocabulary|Participate in collaborative conversations (Gr 1)|primary|This French folk song introduces children to a second language through music, building cross-cultural awareness and early language skills. The repetitive lyrics and melody make it accessible for young learners. Use during multicultural units or French language exposure activities - sing along with hand motions to support comprehension.
379|Hoosen Johnny|Cultural & Folk|224|Language & Vocabulary|Ask and answer questions about key details (Gr 1)|secondary|"Teachers can ask questions about the French vocabulary in the song (e.g., ""What animal is this? What color is mentioned?""), building comprehension through question-and-answer routines. Use picture cards to support understanding of the French lyrics."
379|Hoosen Johnny|Cultural & Folk|228|Language & Vocabulary|Produce complete sentences when appropriate (Gr 1)|secondary|"After learning the song, children can practice producing complete sentences about the song content in either French or English. Teachers can model simple sentences like ""The song is about a rabbit"" and encourage children to respond in full sentences."
379|Hoosen Johnny|Cultural & Folk|261|SEL|Recognizing and respecting others' perspectives (Gr 1-2)|secondary|Learning a song from French Canadian culture builds respect for diversity and different cultural traditions. Discuss how children in French-speaking communities sing the same songs, helping children recognize and appreciate different perspectives and cultural practices.
417|Un jour dans sa cabane|Cultural & Folk|223|Language & Vocabulary|Participate in collaborative conversations (Gr 1)|primary|This French folk song introduces children to a second language through music, building cross-cultural awareness and early language skills. The repetitive lyrics and melody make it accessible for young learners. Use during multicultural units or French language exposure activities - sing along with hand motions to support comprehension.
417|Un jour dans sa cabane|Cultural & Folk|224|Language & Vocabulary|Ask and answer questions about key details (Gr 1)|secondary|"Teachers can ask questions about the French vocabulary in the song (e.g., ""What animal is this? What color is mentioned?""), building comprehension through question-and-answer routines. Use picture cards to support understanding of the French lyrics."
417|Un jour dans sa cabane|Cultural & Folk|228|Language & Vocabulary|Produce complete sentences when appropriate (Gr 1)|secondary|"After learning the song, children can practice producing complete sentences about the song content in either French or English. Teachers can model simple sentences like ""The song is about a rabbit"" and encourage children to respond in full sentences."
417|Un jour dans sa cabane|Cultural & Folk|261|SEL|Recognizing and respecting others' perspectives (Gr 1-2)|secondary|Learning a song from French Canadian culture builds respect for diversity and different cultural traditions. Discuss how children in French-speaking communities sing the same songs, helping children recognize and appreciate different perspectives and cultural practices.
431|Michaud|Cultural & Folk|223|Language & Vocabulary|Participate in collaborative conversations (Gr 1)|primary|This French folk song introduces children to a second language through music, building cross-cultural awareness and early language skills. The repetitive lyrics and melody make it accessible for young learners. Use during multicultural units or French language exposure activities - sing along with hand motions to support comprehension.
431|Michaud|Cultural & Folk|224|Language & Vocabulary|Ask and answer questions about key details (Gr 1)|secondary|"Teachers can ask questions about the French vocabulary in the song (e.g., ""What animal is this? What color is mentioned?""), building comprehension through question-and-answer routines. Use picture cards to support understanding of the French lyrics."
431|Michaud|Cultural & Folk|228|Language & Vocabulary|Produce complete sentences when appropriate (Gr 1)|secondary|"After learning the song, children can practice producing complete sentences about the song content in either French or English. Teachers can model simple sentences like ""The song is about a rabbit"" and encourage children to respond in full sentences."
431|Michaud|Cultural & Folk|261|SEL|Recognizing and respecting others' perspectives (Gr 1-2)|secondary|Learning a song from French Canadian culture builds respect for diversity and different cultural traditions. Discuss how children in French-speaking communities sing the same songs, helping children recognize and appreciate different perspectives and cultural practices.
454|La Bastringue|Cultural & Folk|223|Language & Vocabulary|Participate in collaborative conversations (Gr 1)|primary|This French folk song introduces children to a second language through music, building cross-cultural awareness and early language skills. The repetitive lyrics and melody make it accessible for young learners. Use during multicultural units or French language exposure activities - sing along with hand motions to support comprehension.
454|La Bastringue|Cultural & Folk|224|Language & Vocabulary|Ask and answer questions about key details (Gr 1)|secondary|"Teachers can ask questions about the French vocabulary in the song (e.g., ""What animal is this? What color is mentioned?""), building comprehension through question-and-answer routines. Use picture cards to support understanding of the French lyrics."
454|La Bastringue|Cultural & Folk|228|Language & Vocabulary|Produce complete sentences when appropriate (Gr 1)|secondary|"After learning the song, children can practice producing complete sentences about the song content in either French or English. Teachers can model simple sentences like ""The song is about a rabbit"" and encourage children to respond in full sentences."
454|La Bastringue|Cultural & Folk|261|SEL|Recognizing and respecting others' perspectives (Gr 1-2)|secondary|Learning a song from French Canadian culture builds respect for diversity and different cultural traditions. Discuss how children in French-speaking communities sing the same songs, helping children recognize and appreciate different perspectives and cultural practices.
481|Mon petit lapin a bien du chagrin|Cultural & Folk|223|Language & Vocabulary|Participate in collaborative conversations (Gr 1)|primary|This French folk song introduces children to a second language through music, building cross-cultural awareness and early language skills. The repetitive lyrics and melody make it accessible for young learners. Use during multicultural units or French language exposure activities - sing along with hand motions to support comprehension.
481|Mon petit lapin a bien du chagrin|Cultural & Folk|224|Language & Vocabulary|Ask and answer questions about key details (Gr 1)|secondary|"Teachers can ask questions about the French vocabulary in the song (e.g., ""What animal is this? What color is mentioned?""), building comprehension through question-and-answer routines. Use picture cards to support understanding of the French lyrics."
481|Mon petit lapin a bien du chagrin|Cultural & Folk|228|Language & Vocabulary|Produce complete sentences when appropriate (Gr 1)|secondary|"After learning the song, children can practice producing complete sentences about the song content in either French or English. Teachers can model simple sentences like ""The song is about a rabbit"" and encourage children to respond in full sentences."
481|Mon petit lapin a bien du chagrin|Cultural & Folk|261|SEL|Recognizing and respecting others' perspectives (Gr 1-2)|secondary|Learning a song from French Canadian culture builds respect for diversity and different cultural traditions. Discuss how children in French-speaking communities sing the same songs, helping children recognize and appreciate different perspectives and cultural practices.
483|Un jour dans sa cabane|Cultural & Folk|223|Language & Vocabulary|Participate in collaborative conversations (Gr 1)|primary|This French folk song introduces children to a second language through music, building cross-cultural awareness and early language skills. The repetitive lyrics and melody make it accessible for young learners. Use during multicultural units or French language exposure activities - sing along with hand motions to support comprehension.
483|Un jour dans sa cabane|Cultural & Folk|224|Language & Vocabulary|Ask and answer questions about key details (Gr 1)|secondary|"Teachers can ask questions about the French vocabulary in the song (e.g., ""What animal is this? What color is mentioned?""), building comprehension through question-and-answer routines. Use picture cards to support understanding of the French lyrics."
483|Un jour dans sa cabane|Cultural & Folk|228|Language & Vocabulary|Produce complete sentences when appropriate (Gr 1)|secondary|"After learning the song, children can practice producing complete sentences about the song content in either French or English. Teachers can model simple sentences like ""The song is about a rabbit"" and encourage children to respond in full sentences."
483|Un jour dans sa cabane|Cultural & Folk|261|SEL|Recognizing and respecting others' perspectives (Gr 1-2)|secondary|Learning a song from French Canadian culture builds respect for diversity and different cultural traditions. Discuss how children in French-speaking communities sing the same songs, helping children recognize and appreciate different perspectives and cultural practices.
525|Les petits lapins|Cultural & Folk|223|Language & Vocabulary|Participate in collaborative conversations (Gr 1)|primary|This French folk song introduces children to a second language through music, building cross-cultural awareness and early language skills. The repetitive lyrics and melody make it accessible for young learners. Use during multicultural units or French language exposure activities - sing along with hand motions to support comprehension.
525|Les petits lapins|Cultural & Folk|224|Language & Vocabulary|Ask and answer questions about key details (Gr 1)|secondary|"Teachers can ask questions about the French vocabulary in the song (e.g., ""What animal is this? What color is mentioned?""), building comprehension through question-and-answer routines. Use picture cards to support understanding of the French lyrics."
525|Les petits lapins|Cultural & Folk|228|Language & Vocabulary|Produce complete sentences when appropriate (Gr 1)|secondary|"After learning the song, children can practice producing complete sentences about the song content in either French or English. Teachers can model simple sentences like ""The song is about a rabbit"" and encourage children to respond in full sentences."
525|Les petits lapins|Cultural & Folk|261|SEL|Recognizing and respecting others' perspectives (Gr 1-2)|secondary|Learning a song from French Canadian culture builds respect for diversity and different cultural traditions. Discuss how children in French-speaking communities sing the same songs, helping children recognize and appreciate different perspectives and cultural practices.
527|Meunier tu dors|Cultural & Folk|223|Language & Vocabulary|Participate in collaborative conversations (Gr 1)|primary|This French folk song introduces children to a second language through music, building cross-cultural awareness and early language skills. The repetitive lyrics and melody make it accessible for young learners. Use during multicultural units or French language exposure activities - sing along with hand motions to support comprehension.
527|Meunier tu dors|Cultural & Folk|224|Language & Vocabulary|Ask and answer questions about key details (Gr 1)|secondary|"Teachers can ask questions about the French vocabulary in the song (e.g., ""What animal is this? What color is mentioned?""), building comprehension through question-and-answer routines. Use picture cards to support understanding of the French lyrics."
527|Meunier tu dors|Cultural & Folk|228|Language & Vocabulary|Produce complete sentences when appropriate (Gr 1)|secondary|"After learning the song, children can practice producing complete sentences about the song content in either French or English. Teachers can model simple sentences like ""The song is about a rabbit"" and encourage children to respond in full sentences."
527|Meunier tu dors|Cultural & Folk|261|SEL|Recognizing and respecting others' perspectives (Gr 1-2)|secondary|Learning a song from French Canadian culture builds respect for diversity and different cultural traditions. Discuss how children in French-speaking communities sing the same songs, helping children recognize and appreciate different perspectives and cultural practices.
532|Les étoiles filent dans le ciel|Cultural & Folk|223|Language & Vocabulary|Participate in collaborative conversations (Gr 1)|primary|This French folk song introduces children to a second language through music, building cross-cultural awareness and early language skills. The repetitive lyrics and melody make it accessible for young learners. Use during multicultural units or French language exposure activities - sing along with hand motions to support comprehension.
532|Les étoiles filent dans le ciel|Cultural & Folk|224|Language & Vocabulary|Ask and answer questions about key details (Gr 1)|secondary|"Teachers can ask questions about the French vocabulary in the song (e.g., ""What animal is this? What color is mentioned?""), building comprehension through question-and-answer routines. Use picture cards to support understanding of the French lyrics."
532|Les étoiles filent dans le ciel|Cultural & Folk|228|Language & Vocabulary|Produce complete sentences when appropriate (Gr 1)|secondary|"After learning the song, children can practice producing complete sentences about the song content in either French or English. Teachers can model simple sentences like ""The song is about a rabbit"" and encourage children to respond in full sentences."
532|Les étoiles filent dans le ciel|Cultural & Folk|261|SEL|Recognizing and respecting others' perspectives (Gr 1-2)|secondary|Learning a song from French Canadian culture builds respect for diversity and different cultural traditions. Discuss how children in French-speaking communities sing the same songs, helping children recognize and appreciate different perspectives and cultural practices.
534|Un éléphant|Cultural & Folk|223|Language & Vocabulary|Participate in collaborative conversations (Gr 1)|primary|This French folk song introduces children to a second language through music, building cross-cultural awareness and early language skills. The repetitive lyrics and melody make it accessible for young learners. Use during multicultural units or French language exposure activities - sing along with hand motions to support comprehension.
534|Un éléphant|Cultural & Folk|224|Language & Vocabulary|Ask and answer questions about key details (Gr 1)|secondary|"Teachers can ask questions about the French vocabulary in the song (e.g., ""What animal is this? What color is mentioned?""), building comprehension through question-and-answer routines. Use picture cards to support understanding of the French lyrics."
534|Un éléphant|Cultural & Folk|228|Language & Vocabulary|Produce complete sentences when appropriate (Gr 1)|secondary|"After learning the song, children can practice producing complete sentences about the song content in either French or English. Teachers can model simple sentences like ""The song is about a rabbit"" and encourage children to respond in full sentences."
534|Un éléphant|Cultural & Folk|261|SEL|Recognizing and respecting others' perspectives (Gr 1-2)|secondary|Learning a song from French Canadian culture builds respect for diversity and different cultural traditions. Discuss how children in French-speaking communities sing the same songs, helping children recognize and appreciate different perspectives and cultural practices.
544|Un p'tit pouce qui marche|Cultural & Folk|223|Language & Vocabulary|Participate in collaborative conversations (Gr 1)|primary|This French folk song introduces children to a second language through music, building cross-cultural awareness and early language skills. The repetitive lyrics and melody make it accessible for young learners. Use during multicultural units or French language exposure activities - sing along with hand motions to support comprehension.
544|Un p'tit pouce qui marche|Cultural & Folk|224|Language & Vocabulary|Ask and answer questions about key details (Gr 1)|secondary|"Teachers can ask questions about the French vocabulary in the song (e.g., ""What animal is this? What color is mentioned?""), building comprehension through question-and-answer routines. Use picture cards to support understanding of the French lyrics."
544|Un p'tit pouce qui marche|Cultural & Folk|228|Language & Vocabulary|Produce complete sentences when appropriate (Gr 1)|secondary|"After learning the song, children can practice producing complete sentences about the song content in either French or English. Teachers can model simple sentences like ""The song is about a rabbit"" and encourage children to respond in full sentences."
544|Un p'tit pouce qui marche|Cultural & Folk|261|SEL|Recognizing and respecting others' perspectives (Gr 1-2)|secondary|Learning a song from French Canadian culture builds respect for diversity and different cultural traditions. Discuss how children in French-speaking communities sing the same songs, helping children recognize and appreciate different perspectives and cultural practices.
545|Un jour dans sa cabane-|Cultural & Folk|223|Language & Vocabulary|Participate in collaborative conversations (Gr 1)|primary|This French folk song introduces children to a second language through music, building cross-cultural awareness and early language skills. The repetitive lyrics and melody make it accessible for young learners. Use during multicultural units or French language exposure activities - sing along with hand motions to support comprehension.
545|Un jour dans sa cabane-|Cultural & Folk|224|Language & Vocabulary|Ask and answer questions about key details (Gr 1)|secondary|"Teachers can ask questions about the French vocabulary in the song (e.g., ""What animal is this? What color is mentioned?""), building comprehension through question-and-answer routines. Use picture cards to support understanding of the French lyrics."
545|Un jour dans sa cabane-|Cultural & Folk|228|Language & Vocabulary|Produce complete sentences when appropriate (Gr 1)|secondary|"After learning the song, children can practice producing complete sentences about the song content in either French or English. Teachers can model simple sentences like ""The song is about a rabbit"" and encourage children to respond in full sentences."
545|Un jour dans sa cabane-|Cultural & Folk|261|SEL|Recognizing and respecting others' perspectives (Gr 1-2)|secondary|Learning a song from French Canadian culture builds respect for diversity and different cultural traditions. Discuss how children in French-speaking communities sing the same songs, helping children recognize and appreciate different perspectives and cultural practices.
546|Frotte les deux mains|Cultural & Folk|223|Language & Vocabulary|Participate in collaborative conversations (Gr 1)|primary|This French folk song introduces children to a second language through music, building cross-cultural awareness and early language skills. The repetitive lyrics and melody make it accessible for young learners. Use during multicultural units or French language exposure activities - sing along with hand motions to support comprehension.
546|Frotte les deux mains|Cultural & Folk|224|Language & Vocabulary|Ask and answer questions about key details (Gr 1)|secondary|"Teachers can ask questions about the French vocabulary in the song (e.g., ""What animal is this? What color is mentioned?""), building comprehension through question-and-answer routines. Use picture cards to support understanding of the French lyrics."
546|Frotte les deux mains|Cultural & Folk|228|Language & Vocabulary|Produce complete sentences when appropriate (Gr 1)|secondary|"After learning the song, children can practice producing complete sentences about the song content in either French or English. Teachers can model simple sentences like ""The song is about a rabbit"" and encourage children to respond in full sentences."
546|Frotte les deux mains|Cultural & Folk|261|SEL|Recognizing and respecting others' perspectives (Gr 1-2)|secondary|Learning a song from French Canadian culture builds respect for diversity and different cultural traditions. Discuss how children in French-speaking communities sing the same songs, helping children recognize and appreciate different perspectives and cultural practices.
548|Je berce mon bebe|Cultural & Folk|223|Language & Vocabulary|Participate in collaborative conversations (Gr 1)|primary|This French folk song introduces children to a second language through music, building cross-cultural awareness and early language skills. The repetitive lyrics and melody make it accessible for young learners. Use during multicultural units or French language exposure activities - sing along with hand motions to support comprehension.
548|Je berce mon bebe|Cultural & Folk|224|Language & Vocabulary|Ask and answer questions about key details (Gr 1)|secondary|"Teachers can ask questions about the French vocabulary in the song (e.g., ""What animal is this? What color is mentioned?""), building comprehension through question-and-answer routines. Use picture cards to support understanding of the French lyrics."
548|Je berce mon bebe|Cultural & Folk|228|Language & Vocabulary|Produce complete sentences when appropriate (Gr 1)|secondary|"After learning the song, children can practice producing complete sentences about the song content in either French or English. Teachers can model simple sentences like ""The song is about a rabbit"" and encourage children to respond in full sentences."
548|Je berce mon bebe|Cultural & Folk|261|SEL|Recognizing and respecting others' perspectives (Gr 1-2)|secondary|Learning a song from French Canadian culture builds respect for diversity and different cultural traditions. Discuss how children in French-speaking communities sing the same songs, helping children recognize and appreciate different perspectives and cultural practices.
551|C'est une belle journee|Cultural & Folk|223|Language & Vocabulary|Participate in collaborative conversations (Gr 1)|primary|This French folk song introduces children to a second language through music, building cross-cultural awareness and early language skills. The repetitive lyrics and melody make it accessible for young learners. Use during multicultural units or French language exposure activities - sing along with hand motions to support comprehension.
551|C'est une belle journee|Cultural & Folk|224|Language & Vocabulary|Ask and answer questions about key details (Gr 1)|secondary|"Teachers can ask questions about the French vocabulary in the song (e.g., ""What animal is this? What color is mentioned?""), building comprehension through question-and-answer routines. Use picture cards to support understanding of the French lyrics."
551|C'est une belle journee|Cultural & Folk|228|Language & Vocabulary|Produce complete sentences when appropriate (Gr 1)|secondary|"After learning the song, children can practice producing complete sentences about the song content in either French or English. Teachers can model simple sentences like ""The song is about a rabbit"" and encourage children to respond in full sentences."
551|C'est une belle journee|Cultural & Folk|261|SEL|Recognizing and respecting others' perspectives (Gr 1-2)|secondary|Learning a song from French Canadian culture builds respect for diversity and different cultural traditions. Discuss how children in French-speaking communities sing the same songs, helping children recognize and appreciate different perspectives and cultural practices.
552|Les biscuits|Cultural & Folk|223|Language & Vocabulary|Participate in collaborative conversations (Gr 1)|primary|This French folk song introduces children to a second language through music, building cross-cultural awareness and early language skills. The repetitive lyrics and melody make it accessible for young learners. Use during multicultural units or French language exposure activities - sing along with hand motions to support comprehension.
552|Les biscuits|Cultural & Folk|224|Language & Vocabulary|Ask and answer questions about key details (Gr 1)|secondary|"Teachers can ask questions about the French vocabulary in the song (e.g., ""What animal is this? What color is mentioned?""), building comprehension through question-and-answer routines. Use picture cards to support understanding of the French lyrics."
552|Les biscuits|Cultural & Folk|228|Language & Vocabulary|Produce complete sentences when appropriate (Gr 1)|secondary|"After learning the song, children can practice producing complete sentences about the song content in either French or English. Teachers can model simple sentences like ""The song is about a rabbit"" and encourage children to respond in full sentences."
552|Les biscuits|Cultural & Folk|261|SEL|Recognizing and respecting others' perspectives (Gr 1-2)|secondary|Learning a song from French Canadian culture builds respect for diversity and different cultural traditions. Discuss how children in French-speaking communities sing the same songs, helping children recognize and appreciate different perspectives and cultural practices.
552|Les biscuits|Cultural & Folk|216|Fine Motor Skills|Using tools: glue, scissors, rulers (Gr 1-2)|secondary|This food-themed folk song can be extended into a fine motor craft activity where children cut, glue, and assemble food-related art projects. The song's theme naturally connects to hands-on making activities that build tool-use skills.
553|Un singe et un chien|Cultural & Folk|223|Language & Vocabulary|Participate in collaborative conversations (Gr 1)|primary|This French folk song introduces children to a second language through music, building cross-cultural awareness and early language skills. The repetitive lyrics and melody make it accessible for young learners. Use during multicultural units or French language exposure activities - sing along with hand motions to support comprehension.
553|Un singe et un chien|Cultural & Folk|224|Language & Vocabulary|Ask and answer questions about key details (Gr 1)|secondary|"Teachers can ask questions about the French vocabulary in the song (e.g., ""What animal is this? What color is mentioned?""), building comprehension through question-and-answer routines. Use picture cards to support understanding of the French lyrics."
553|Un singe et un chien|Cultural & Folk|228|Language & Vocabulary|Produce complete sentences when appropriate (Gr 1)|secondary|"After learning the song, children can practice producing complete sentences about the song content in either French or English. Teachers can model simple sentences like ""The song is about a rabbit"" and encourage children to respond in full sentences."
553|Un singe et un chien|Cultural & Folk|261|SEL|Recognizing and respecting others' perspectives (Gr 1-2)|secondary|Learning a song from French Canadian culture builds respect for diversity and different cultural traditions. Discuss how children in French-speaking communities sing the same songs, helping children recognize and appreciate different perspectives and cultural practices.
554|J'ai un manteau|Cultural & Folk|223|Language & Vocabulary|Participate in collaborative conversations (Gr 1)|primary|This French folk song introduces children to a second language through music, building cross-cultural awareness and early language skills. The repetitive lyrics and melody make it accessible for young learners. Use during multicultural units or French language exposure activities - sing along with hand motions to support comprehension.
554|J'ai un manteau|Cultural & Folk|224|Language & Vocabulary|Ask and answer questions about key details (Gr 1)|secondary|"Teachers can ask questions about the French vocabulary in the song (e.g., ""What animal is this? What color is mentioned?""), building comprehension through question-and-answer routines. Use picture cards to support understanding of the French lyrics."
554|J'ai un manteau|Cultural & Folk|228|Language & Vocabulary|Produce complete sentences when appropriate (Gr 1)|secondary|"After learning the song, children can practice producing complete sentences about the song content in either French or English. Teachers can model simple sentences like ""The song is about a rabbit"" and encourage children to respond in full sentences."
554|J'ai un manteau|Cultural & Folk|261|SEL|Recognizing and respecting others' perspectives (Gr 1-2)|secondary|Learning a song from French Canadian culture builds respect for diversity and different cultural traditions. Discuss how children in French-speaking communities sing the same songs, helping children recognize and appreciate different perspectives and cultural practices.
556|Mon petit lapin a bien du chagrin|Cultural & Folk|223|Language & Vocabulary|Participate in collaborative conversations (Gr 1)|primary|This French folk song introduces children to a second language through music, building cross-cultural awareness and early language skills. The repetitive lyrics and melody make it accessible for young learners. Use during multicultural units or French language exposure activities - sing along with hand motions to support comprehension.
556|Mon petit lapin a bien du chagrin|Cultural & Folk|224|Language & Vocabulary|Ask and answer questions about key details (Gr 1)|secondary|"Teachers can ask questions about the French vocabulary in the song (e.g., ""What animal is this? What color is mentioned?""), building comprehension through question-and-answer routines. Use picture cards to support understanding of the French lyrics."
556|Mon petit lapin a bien du chagrin|Cultural & Folk|228|Language & Vocabulary|Produce complete sentences when appropriate (Gr 1)|secondary|"After learning the song, children can practice producing complete sentences about the song content in either French or English. Teachers can model simple sentences like ""The song is about a rabbit"" and encourage children to respond in full sentences."
556|Mon petit lapin a bien du chagrin|Cultural & Folk|261|SEL|Recognizing and respecting others' perspectives (Gr 1-2)|secondary|Learning a song from French Canadian culture builds respect for diversity and different cultural traditions. Discuss how children in French-speaking communities sing the same songs, helping children recognize and appreciate different perspectives and cultural practices.
559|Je ferme la porte|Cultural & Folk|223|Language & Vocabulary|Participate in collaborative conversations (Gr 1)|primary|This French folk song introduces children to a second language through music, building cross-cultural awareness and early language skills. The repetitive lyrics and melody make it accessible for young learners. Use during multicultural units or French language exposure activities - sing along with hand motions to support comprehension.
559|Je ferme la porte|Cultural & Folk|224|Language & Vocabulary|Ask and answer questions about key details (Gr 1)|secondary|"Teachers can ask questions about the French vocabulary in the song (e.g., ""What animal is this? What color is mentioned?""), building comprehension through question-and-answer routines. Use picture cards to support understanding of the French lyrics."
559|Je ferme la porte|Cultural & Folk|228|Language & Vocabulary|Produce complete sentences when appropriate (Gr 1)|secondary|"After learning the song, children can practice producing complete sentences about the song content in either French or English. Teachers can model simple sentences like ""The song is about a rabbit"" and encourage children to respond in full sentences."
559|Je ferme la porte|Cultural & Folk|261|SEL|Recognizing and respecting others' perspectives (Gr 1-2)|secondary|Learning a song from French Canadian culture builds respect for diversity and different cultural traditions. Discuss how children in French-speaking communities sing the same songs, helping children recognize and appreciate different perspectives and cultural practices.
560|Dans la foret lointaine|Cultural & Folk|223|Language & Vocabulary|Participate in collaborative conversations (Gr 1)|primary|This French folk song introduces children to a second language through music, building cross-cultural awareness and early language skills. The repetitive lyrics and melody make it accessible for young learners. Use during multicultural units or French language exposure activities - sing along with hand motions to support comprehension.
560|Dans la foret lointaine|Cultural & Folk|224|Language & Vocabulary|Ask and answer questions about key details (Gr 1)|secondary|"Teachers can ask questions about the French vocabulary in the song (e.g., ""What animal is this? What color is mentioned?""), building comprehension through question-and-answer routines. Use picture cards to support understanding of the French lyrics."
560|Dans la foret lointaine|Cultural & Folk|228|Language & Vocabulary|Produce complete sentences when appropriate (Gr 1)|secondary|"After learning the song, children can practice producing complete sentences about the song content in either French or English. Teachers can model simple sentences like ""The song is about a rabbit"" and encourage children to respond in full sentences."
560|Dans la foret lointaine|Cultural & Folk|261|SEL|Recognizing and respecting others' perspectives (Gr 1-2)|secondary|Learning a song from French Canadian culture builds respect for diversity and different cultural traditions. Discuss how children in French-speaking communities sing the same songs, helping children recognize and appreciate different perspectives and cultural practices.
561|A la claire fontaine|Cultural & Folk|223|Language & Vocabulary|Participate in collaborative conversations (Gr 1)|primary|This French folk song introduces children to a second language through music, building cross-cultural awareness and early language skills. The repetitive lyrics and melody make it accessible for young learners. Use during multicultural units or French language exposure activities - sing along with hand motions to support comprehension.
561|A la claire fontaine|Cultural & Folk|224|Language & Vocabulary|Ask and answer questions about key details (Gr 1)|secondary|"Teachers can ask questions about the French vocabulary in the song (e.g., ""What animal is this? What color is mentioned?""), building comprehension through question-and-answer routines. Use picture cards to support understanding of the French lyrics."
561|A la claire fontaine|Cultural & Folk|228|Language & Vocabulary|Produce complete sentences when appropriate (Gr 1)|secondary|"After learning the song, children can practice producing complete sentences about the song content in either French or English. Teachers can model simple sentences like ""The song is about a rabbit"" and encourage children to respond in full sentences."
561|A la claire fontaine|Cultural & Folk|261|SEL|Recognizing and respecting others' perspectives (Gr 1-2)|secondary|Learning a song from French Canadian culture builds respect for diversity and different cultural traditions. Discuss how children in French-speaking communities sing the same songs, helping children recognize and appreciate different perspectives and cultural practices.
68|Walk Daniel|Cultural & Folk, Dance & Movement, Water & Sea|221|Gross Motor & Movement|Moving to rhythm and tempo (Gr 1-2)|primary|This folk song has a strong rhythmic beat that invites clapping, stepping, and whole-body movement. Children practice moving to a steady beat and coordinating their movements with the music. Use as a movement break during transitions or as part of a music and movement session.
68|Walk Daniel|Cultural & Folk, Dance & Movement, Water & Sea|222|Gross Motor & Movement|Following multi-step movement directions / spatial awareness (Gr 1-2)|secondary|The call-and-response structure of this folk song requires children to listen and follow specific movement directions at the right time, building spatial awareness and direction-following skills in a group setting.
253|Babushka Baio|Cultural & Folk, Family|223|Language & Vocabulary|Participate in collaborative conversations (Gr 1)|primary|This French folk song introduces children to a second language through music, building cross-cultural awareness and early language skills. The repetitive lyrics and melody make it accessible for young learners. Use during multicultural units or French language exposure activities - sing along with hand motions to support comprehension.
253|Babushka Baio|Cultural & Folk, Family|224|Language & Vocabulary|Ask and answer questions about key details (Gr 1)|secondary|"Teachers can ask questions about the French vocabulary in the song (e.g., ""What animal is this? What color is mentioned?""), building comprehension through question-and-answer routines. Use picture cards to support understanding of the French lyrics."
253|Babushka Baio|Cultural & Folk, Family|228|Language & Vocabulary|Produce complete sentences when appropriate (Gr 1)|secondary|"After learning the song, children can practice producing complete sentences about the song content in either French or English. Teachers can model simple sentences like ""The song is about a rabbit"" and encourage children to respond in full sentences."
253|Babushka Baio|Cultural & Folk, Family|261|SEL|Recognizing and respecting others' perspectives (Gr 1-2)|primary|This family-themed song celebrates the important people in children's lives. Singing about families helps children recognize that all families are unique and worthy of respect. Use during community-building circles - invite children to share something special about their family after singing.
253|Babushka Baio|Cultural & Folk, Family|263|SEL|Working cooperatively and resolving simple conflicts (Gr 1-2)|secondary|Family songs naturally lead to discussions about how family members work together, share, and resolve conflicts. Teachers can connect these discussions to classroom cooperation skills, helping children transfer prosocial behaviors from home to school.
524|J'aime la galette|Cultural & Folk, Food & Cooking|223|Language & Vocabulary|Participate in collaborative conversations (Gr 1)|primary|This French folk song introduces children to a second language through music, building cross-cultural awareness and early language skills. The repetitive lyrics and melody make it accessible for young learners. Use during multicultural units or French language exposure activities - sing along with hand motions to support comprehension.
524|J'aime la galette|Cultural & Folk, Food & Cooking|224|Language & Vocabulary|Ask and answer questions about key details (Gr 1)|secondary|"Teachers can ask questions about the French vocabulary in the song (e.g., ""What animal is this? What color is mentioned?""), building comprehension through question-and-answer routines. Use picture cards to support understanding of the French lyrics."
524|J'aime la galette|Cultural & Folk, Food & Cooking|228|Language & Vocabulary|Produce complete sentences when appropriate (Gr 1)|secondary|"After learning the song, children can practice producing complete sentences about the song content in either French or English. Teachers can model simple sentences like ""The song is about a rabbit"" and encourage children to respond in full sentences."
524|J'aime la galette|Cultural & Folk, Food & Cooking|261|SEL|Recognizing and respecting others' perspectives (Gr 1-2)|secondary|Learning a song from French Canadian culture builds respect for diversity and different cultural traditions. Discuss how children in French-speaking communities sing the same songs, helping children recognize and appreciate different perspectives and cultural practices.
524|J'aime la galette|Cultural & Folk, Food & Cooking|216|Fine Motor Skills|Using tools: glue, scissors, rulers (Gr 1-2)|secondary|This food-themed folk song can be extended into a fine motor craft activity where children cut, glue, and assemble food-related art projects. The song's theme naturally connects to hands-on making activities that build tool-use skills.
14|All around the Kitchen|Cultural & Folk, Food & Cooking, Water & Sea|216|Fine Motor Skills|Using tools: glue, scissors, rulers (Gr 1-2)|secondary|This food-themed folk song can be extended into a fine motor craft activity where children cut, glue, and assemble food-related art projects. The song's theme naturally connects to hands-on making activities that build tool-use skills.
362|Clap When the Spirit Says Clap|Cultural & Folk, Music & Instruments|221|Gross Motor & Movement|Moving to rhythm and tempo (Gr 1-2)|primary|This folk song has a strong rhythmic beat that invites clapping, stepping, and whole-body movement. Children practice moving to a steady beat and coordinating their movements with the music. Use as a movement break during transitions or as part of a music and movement session.
362|Clap When the Spirit Says Clap|Cultural & Folk, Music & Instruments|222|Gross Motor & Movement|Following multi-step movement directions / spatial awareness (Gr 1-2)|secondary|The call-and-response structure of this folk song requires children to listen and follow specific movement directions at the right time, building spatial awareness and direction-following skills in a group setting.
425|A Chubby Little Snowman/ Voici un bonhomme de neige|Cultural & Folk, Seasons & Weather|223|Language & Vocabulary|Participate in collaborative conversations (Gr 1)|primary|This French folk song introduces children to a second language through music, building cross-cultural awareness and early language skills. The repetitive lyrics and melody make it accessible for young learners. Use during multicultural units or French language exposure activities - sing along with hand motions to support comprehension.
425|A Chubby Little Snowman/ Voici un bonhomme de neige|Cultural & Folk, Seasons & Weather|224|Language & Vocabulary|Ask and answer questions about key details (Gr 1)|secondary|"Teachers can ask questions about the French vocabulary in the song (e.g., ""What animal is this? What color is mentioned?""), building comprehension through question-and-answer routines. Use picture cards to support understanding of the French lyrics."
425|A Chubby Little Snowman/ Voici un bonhomme de neige|Cultural & Folk, Seasons & Weather|228|Language & Vocabulary|Produce complete sentences when appropriate (Gr 1)|secondary|"After learning the song, children can practice producing complete sentences about the song content in either French or English. Teachers can model simple sentences like ""The song is about a rabbit"" and encourage children to respond in full sentences."
425|A Chubby Little Snowman/ Voici un bonhomme de neige|Cultural & Folk, Seasons & Weather|261|SEL|Recognizing and respecting others' perspectives (Gr 1-2)|secondary|Learning a song from French Canadian culture builds respect for diversity and different cultural traditions. Discuss how children in French-speaking communities sing the same songs, helping children recognize and appreciate different perspectives and cultural practices.
491|A Chubby Little Snowman/ Voici un bonhomme de neige|Cultural & Folk, Seasons & Weather|223|Language & Vocabulary|Participate in collaborative conversations (Gr 1)|primary|This French folk song introduces children to a second language through music, building cross-cultural awareness and early language skills. The repetitive lyrics and melody make it accessible for young learners. Use during multicultural units or French language exposure activities - sing along with hand motions to support comprehension.
491|A Chubby Little Snowman/ Voici un bonhomme de neige|Cultural & Folk, Seasons & Weather|224|Language & Vocabulary|Ask and answer questions about key details (Gr 1)|secondary|"Teachers can ask questions about the French vocabulary in the song (e.g., ""What animal is this? What color is mentioned?""), building comprehension through question-and-answer routines. Use picture cards to support understanding of the French lyrics."
491|A Chubby Little Snowman/ Voici un bonhomme de neige|Cultural & Folk, Seasons & Weather|228|Language & Vocabulary|Produce complete sentences when appropriate (Gr 1)|secondary|"After learning the song, children can practice producing complete sentences about the song content in either French or English. Teachers can model simple sentences like ""The song is about a rabbit"" and encourage children to respond in full sentences."
491|A Chubby Little Snowman/ Voici un bonhomme de neige|Cultural & Folk, Seasons & Weather|261|SEL|Recognizing and respecting others' perspectives (Gr 1-2)|secondary|Learning a song from French Canadian culture builds respect for diversity and different cultural traditions. Discuss how children in French-speaking communities sing the same songs, helping children recognize and appreciate different perspectives and cultural practices.
555|Voici un bonhomme de neige|Cultural & Folk, Seasons & Weather|223|Language & Vocabulary|Participate in collaborative conversations (Gr 1)|primary|This French folk song introduces children to a second language through music, building cross-cultural awareness and early language skills. The repetitive lyrics and melody make it accessible for young learners. Use during multicultural units or French language exposure activities - sing along with hand motions to support comprehension.
555|Voici un bonhomme de neige|Cultural & Folk, Seasons & Weather|224|Language & Vocabulary|Ask and answer questions about key details (Gr 1)|secondary|"Teachers can ask questions about the French vocabulary in the song (e.g., ""What animal is this? What color is mentioned?""), building comprehension through question-and-answer routines. Use picture cards to support understanding of the French lyrics."
555|Voici un bonhomme de neige|Cultural & Folk, Seasons & Weather|228|Language & Vocabulary|Produce complete sentences when appropriate (Gr 1)|secondary|"After learning the song, children can practice producing complete sentences about the song content in either French or English. Teachers can model simple sentences like ""The song is about a rabbit"" and encourage children to respond in full sentences."
555|Voici un bonhomme de neige|Cultural & Folk, Seasons & Weather|261|SEL|Recognizing and respecting others' perspectives (Gr 1-2)|secondary|Learning a song from French Canadian culture builds respect for diversity and different cultural traditions. Discuss how children in French-speaking communities sing the same songs, helping children recognize and appreciate different perspectives and cultural practices.
531|Un bateau, Mamie, Mamie|Cultural & Folk, Water & Sea|223|Language & Vocabulary|Participate in collaborative conversations (Gr 1)|primary|This French folk song introduces children to a second language through music, building cross-cultural awareness and early language skills. The repetitive lyrics and melody make it accessible for young learners. Use during multicultural units or French language exposure activities - sing along with hand motions to support comprehension.
531|Un bateau, Mamie, Mamie|Cultural & Folk, Water & Sea|224|Language & Vocabulary|Ask and answer questions about key details (Gr 1)|secondary|"Teachers can ask questions about the French vocabulary in the song (e.g., ""What animal is this? What color is mentioned?""), building comprehension through question-and-answer routines. Use picture cards to support understanding of the French lyrics."
531|Un bateau, Mamie, Mamie|Cultural & Folk, Water & Sea|228|Language & Vocabulary|Produce complete sentences when appropriate (Gr 1)|secondary|"After learning the song, children can practice producing complete sentences about the song content in either French or English. Teachers can model simple sentences like ""The song is about a rabbit"" and encourage children to respond in full sentences."
531|Un bateau, Mamie, Mamie|Cultural & Folk, Water & Sea|261|SEL|Recognizing and respecting others' perspectives (Gr 1-2)|secondary|Learning a song from French Canadian culture builds respect for diversity and different cultural traditions. Discuss how children in French-speaking communities sing the same songs, helping children recognize and appreciate different perspectives and cultural practices.
183|Dance to your Daddy|Dance & Movement, Family|261|SEL|Recognizing and respecting others' perspectives (Gr 1-2)|primary|"This song about family members helps children recognize and appreciate the important people in their lives. Children learn that different families have different structures, building respect for diverse family compositions. Use during a ""families"" unit - children can share about their own family members after singing."
183|Dance to your Daddy|Dance & Movement, Family|263|SEL|Working cooperatively and resolving simple conflicts (Gr 1-2)|secondary|Discussing family relationships naturally leads to conversations about getting along with others, sharing, and resolving disagreements - skills that transfer directly to classroom cooperation. Teachers can extend the song into a discussion about how family members help each other.
183|Dance to your Daddy|Dance & Movement, Family|70|Literacy & Phonics|Describe people, places, things, and events with relevant details (Gr 1)|secondary|Children can describe their own family members using relevant details, building oral descriptive language. After singing, invite children to share one thing about a family member, modeling how to describe people with specific, relevant details.
71|Bye Baby Bye|Family|209|Classroom Routine|Transitioning between activities/subjects (Gr 1-2)|primary|"This goodbye/lullaby song is perfect for signaling the end of an activity. The gentle melody and repetition of ""bye"" creates a predictable transition cue. Use to mark the end of play time or the transition from a parent-dropoff to the school day, especially for children who find transitions challenging."
71|Bye Baby Bye|Family|258|SEL|Identifying and naming a range of emotions (Gr 1-2)|secondary|Saying goodbye can bring up mixed emotions. This song provides a safe way to acknowledge and name those feelings - sad to say goodbye, excited for what comes next. Discuss with children how they feel during transitions and validate all emotions.
75|Cousin Peter|Family|261|SEL|Recognizing and respecting others' perspectives (Gr 1-2)|primary|"This song about family members helps children recognize and appreciate the important people in their lives. Children learn that different families have different structures, building respect for diverse family compositions. Use during a ""families"" unit - children can share about their own family members after singing."
75|Cousin Peter|Family|263|SEL|Working cooperatively and resolving simple conflicts (Gr 1-2)|secondary|Discussing family relationships naturally leads to conversations about getting along with others, sharing, and resolving disagreements - skills that transfer directly to classroom cooperation. Teachers can extend the song into a discussion about how family members help each other.
75|Cousin Peter|Family|70|Literacy & Phonics|Describe people, places, things, and events with relevant details (Gr 1)|secondary|Children can describe their own family members using relevant details, building oral descriptive language. After singing, invite children to share one thing about a family member, modeling how to describe people with specific, relevant details.
170|With a Tick and a Tock / My Grandfather Clock|Family|261|SEL|Recognizing and respecting others' perspectives (Gr 1-2)|primary|"This song about family members helps children recognize and appreciate the important people in their lives. Children learn that different families have different structures, building respect for diverse family compositions. Use during a ""families"" unit - children can share about their own family members after singing."
170|With a Tick and a Tock / My Grandfather Clock|Family|263|SEL|Working cooperatively and resolving simple conflicts (Gr 1-2)|secondary|Discussing family relationships naturally leads to conversations about getting along with others, sharing, and resolving disagreements - skills that transfer directly to classroom cooperation. Teachers can extend the song into a discussion about how family members help each other.
170|With a Tick and a Tock / My Grandfather Clock|Family|70|Literacy & Phonics|Describe people, places, things, and events with relevant details (Gr 1)|secondary|Children can describe their own family members using relevant details, building oral descriptive language. After singing, invite children to share one thing about a family member, modeling how to describe people with specific, relevant details.
170|With a Tick and a Tock / My Grandfather Clock|Family|11|Math & Numeracy|Count to 50 starting at any number (Gr 1)|secondary|The clock theme of this song naturally connects to telling time and counting. Children can practice counting the ticks/tocks and recognizing numbers on a clock face. Use before math time to introduce time-telling concepts.
170|With a Tick and a Tock / My Grandfather Clock|Family|209|Classroom Routine|Transitioning between activities/subjects (Gr 1-2)|secondary|The tick-tock rhythm of this song makes it a natural transition signal. The clock theme reinforces the concept of time passing and schedule changes. Sing when it is time to move from one subject to the next, helping children recognize the rhythm of the school day.
185|This is the way me father taught me|Family|261|SEL|Recognizing and respecting others' perspectives (Gr 1-2)|primary|"This song about family members helps children recognize and appreciate the important people in their lives. Children learn that different families have different structures, building respect for diverse family compositions. Use during a ""families"" unit - children can share about their own family members after singing."
185|This is the way me father taught me|Family|263|SEL|Working cooperatively and resolving simple conflicts (Gr 1-2)|secondary|Discussing family relationships naturally leads to conversations about getting along with others, sharing, and resolving disagreements - skills that transfer directly to classroom cooperation. Teachers can extend the song into a discussion about how family members help each other.
185|This is the way me father taught me|Family|70|Literacy & Phonics|Describe people, places, things, and events with relevant details (Gr 1)|secondary|Children can describe their own family members using relevant details, building oral descriptive language. After singing, invite children to share one thing about a family member, modeling how to describe people with specific, relevant details.
238|Mother and Father and Uncle John|Family|261|SEL|Recognizing and respecting others' perspectives (Gr 1-2)|primary|"This song about family members helps children recognize and appreciate the important people in their lives. Children learn that different families have different structures, building respect for diverse family compositions. Use during a ""families"" unit - children can share about their own family members after singing."
238|Mother and Father and Uncle John|Family|263|SEL|Working cooperatively and resolving simple conflicts (Gr 1-2)|secondary|Discussing family relationships naturally leads to conversations about getting along with others, sharing, and resolving disagreements - skills that transfer directly to classroom cooperation. Teachers can extend the song into a discussion about how family members help each other.
238|Mother and Father and Uncle John|Family|70|Literacy & Phonics|Describe people, places, things, and events with relevant details (Gr 1)|secondary|Children can describe their own family members using relevant details, building oral descriptive language. After singing, invite children to share one thing about a family member, modeling how to describe people with specific, relevant details.
241|With a Tick and a Tock / My Grandfather Clock|Family|261|SEL|Recognizing and respecting others' perspectives (Gr 1-2)|primary|"This song about family members helps children recognize and appreciate the important people in their lives. Children learn that different families have different structures, building respect for diverse family compositions. Use during a ""families"" unit - children can share about their own family members after singing."
241|With a Tick and a Tock / My Grandfather Clock|Family|263|SEL|Working cooperatively and resolving simple conflicts (Gr 1-2)|secondary|Discussing family relationships naturally leads to conversations about getting along with others, sharing, and resolving disagreements - skills that transfer directly to classroom cooperation. Teachers can extend the song into a discussion about how family members help each other.
241|With a Tick and a Tock / My Grandfather Clock|Family|70|Literacy & Phonics|Describe people, places, things, and events with relevant details (Gr 1)|secondary|Children can describe their own family members using relevant details, building oral descriptive language. After singing, invite children to share one thing about a family member, modeling how to describe people with specific, relevant details.
241|With a Tick and a Tock / My Grandfather Clock|Family|11|Math & Numeracy|Count to 50 starting at any number (Gr 1)|secondary|The clock theme of this song naturally connects to telling time and counting. Children can practice counting the ticks/tocks and recognizing numbers on a clock face. Use before math time to introduce time-telling concepts.
241|With a Tick and a Tock / My Grandfather Clock|Family|209|Classroom Routine|Transitioning between activities/subjects (Gr 1-2)|secondary|The tick-tock rhythm of this song makes it a natural transition signal. The clock theme reinforces the concept of time passing and schedule changes. Sing when it is time to move from one subject to the next, helping children recognize the rhythm of the school day.
414|Sweetest Little Baby|Family|258|SEL|Identifying and naming a range of emotions (Gr 1-2)|primary|This gentle family song about babies and caregivers evokes feelings of love, comfort, and security. Children can identify and name these warm emotions as they sing. Use during morning meeting or after lunch to create a calm, connected classroom atmosphere.
414|Sweetest Little Baby|Family|209|Classroom Routine|Transitioning between activities/subjects (Gr 1-2)|secondary|The soothing quality of this song makes it ideal as a transition signal between active and quiet activities. The family/caregiving theme reinforces feelings of safety and belonging during classroom transitions. Sing softly to signal clean-up time or preparation for the next activity.
414|Sweetest Little Baby|Family|211|Classroom Routine|Independent work routine / staying on task (Gr 1-2)|secondary|The calm, predictable nature of this lullaby-style song creates a focused atmosphere that supports independent work. After singing, children can transition into quiet individual activities, using the song as a settling cue for focused work time.
418|Rockin' my Baby|Family|258|SEL|Identifying and naming a range of emotions (Gr 1-2)|primary|This gentle family song about babies and caregivers evokes feelings of love, comfort, and security. Children can identify and name these warm emotions as they sing. Use during morning meeting or after lunch to create a calm, connected classroom atmosphere.
418|Rockin' my Baby|Family|209|Classroom Routine|Transitioning between activities/subjects (Gr 1-2)|secondary|The soothing quality of this song makes it ideal as a transition signal between active and quiet activities. The family/caregiving theme reinforces feelings of safety and belonging during classroom transitions. Sing softly to signal clean-up time or preparation for the next activity.
418|Rockin' my Baby|Family|211|Classroom Routine|Independent work routine / staying on task (Gr 1-2)|secondary|The calm, predictable nature of this lullaby-style song creates a focused atmosphere that supports independent work. After singing, children can transition into quiet individual activities, using the song as a settling cue for focused work time.
420|Edward Loves His Mommy|Family|261|SEL|Recognizing and respecting others' perspectives (Gr 1-2)|primary|"This song about family members helps children recognize and appreciate the important people in their lives. Children learn that different families have different structures, building respect for diverse family compositions. Use during a ""families"" unit - children can share about their own family members after singing."
420|Edward Loves His Mommy|Family|263|SEL|Working cooperatively and resolving simple conflicts (Gr 1-2)|secondary|Discussing family relationships naturally leads to conversations about getting along with others, sharing, and resolving disagreements - skills that transfer directly to classroom cooperation. Teachers can extend the song into a discussion about how family members help each other.
420|Edward Loves His Mommy|Family|70|Literacy & Phonics|Describe people, places, things, and events with relevant details (Gr 1)|secondary|Children can describe their own family members using relevant details, building oral descriptive language. After singing, invite children to share one thing about a family member, modeling how to describe people with specific, relevant details.
420|Edward Loves His Mommy|Family|258|SEL|Identifying and naming a range of emotions (Gr 1-2)|primary|This song expresses love and positive feelings within a family context, giving children vocabulary to identify and name these emotions. The family setting provides a safe framework for discussing feelings. Use during SEL circles where children share who they love and how love feels.
421|Boom Boom Baby Goes Boom Boom|Family|258|SEL|Identifying and naming a range of emotions (Gr 1-2)|primary|This gentle family song about babies and caregivers evokes feelings of love, comfort, and security. Children can identify and name these warm emotions as they sing. Use during morning meeting or after lunch to create a calm, connected classroom atmosphere.
421|Boom Boom Baby Goes Boom Boom|Family|209|Classroom Routine|Transitioning between activities/subjects (Gr 1-2)|secondary|The soothing quality of this song makes it ideal as a transition signal between active and quiet activities. The family/caregiving theme reinforces feelings of safety and belonging during classroom transitions. Sing softly to signal clean-up time or preparation for the next activity.
421|Boom Boom Baby Goes Boom Boom|Family|211|Classroom Routine|Independent work routine / staying on task (Gr 1-2)|secondary|The calm, predictable nature of this lullaby-style song creates a focused atmosphere that supports independent work. After singing, children can transition into quiet individual activities, using the song as a settling cue for focused work time.
430|Trot Trot to Grandma's House|Family|261|SEL|Recognizing and respecting others' perspectives (Gr 1-2)|primary|"This song about family members helps children recognize and appreciate the important people in their lives. Children learn that different families have different structures, building respect for diverse family compositions. Use during a ""families"" unit - children can share about their own family members after singing."
430|Trot Trot to Grandma's House|Family|263|SEL|Working cooperatively and resolving simple conflicts (Gr 1-2)|secondary|Discussing family relationships naturally leads to conversations about getting along with others, sharing, and resolving disagreements - skills that transfer directly to classroom cooperation. Teachers can extend the song into a discussion about how family members help each other.
430|Trot Trot to Grandma's House|Family|70|Literacy & Phonics|Describe people, places, things, and events with relevant details (Gr 1)|secondary|Children can describe their own family members using relevant details, building oral descriptive language. After singing, invite children to share one thing about a family member, modeling how to describe people with specific, relevant details.
480|Sweetest Little Baby|Family|258|SEL|Identifying and naming a range of emotions (Gr 1-2)|primary|This gentle family song about babies and caregivers evokes feelings of love, comfort, and security. Children can identify and name these warm emotions as they sing. Use during morning meeting or after lunch to create a calm, connected classroom atmosphere.
480|Sweetest Little Baby|Family|209|Classroom Routine|Transitioning between activities/subjects (Gr 1-2)|secondary|The soothing quality of this song makes it ideal as a transition signal between active and quiet activities. The family/caregiving theme reinforces feelings of safety and belonging during classroom transitions. Sing softly to signal clean-up time or preparation for the next activity.
480|Sweetest Little Baby|Family|211|Classroom Routine|Independent work routine / staying on task (Gr 1-2)|secondary|The calm, predictable nature of this lullaby-style song creates a focused atmosphere that supports independent work. After singing, children can transition into quiet individual activities, using the song as a settling cue for focused work time.
484|Rockin' my Baby|Family|258|SEL|Identifying and naming a range of emotions (Gr 1-2)|primary|This gentle family song about babies and caregivers evokes feelings of love, comfort, and security. Children can identify and name these warm emotions as they sing. Use during morning meeting or after lunch to create a calm, connected classroom atmosphere.
484|Rockin' my Baby|Family|209|Classroom Routine|Transitioning between activities/subjects (Gr 1-2)|secondary|The soothing quality of this song makes it ideal as a transition signal between active and quiet activities. The family/caregiving theme reinforces feelings of safety and belonging during classroom transitions. Sing softly to signal clean-up time or preparation for the next activity.
484|Rockin' my Baby|Family|211|Classroom Routine|Independent work routine / staying on task (Gr 1-2)|secondary|The calm, predictable nature of this lullaby-style song creates a focused atmosphere that supports independent work. After singing, children can transition into quiet individual activities, using the song as a settling cue for focused work time.
486|Edward Loves His Mommy|Family|261|SEL|Recognizing and respecting others' perspectives (Gr 1-2)|primary|"This song about family members helps children recognize and appreciate the important people in their lives. Children learn that different families have different structures, building respect for diverse family compositions. Use during a ""families"" unit - children can share about their own family members after singing."
486|Edward Loves His Mommy|Family|263|SEL|Working cooperatively and resolving simple conflicts (Gr 1-2)|secondary|Discussing family relationships naturally leads to conversations about getting along with others, sharing, and resolving disagreements - skills that transfer directly to classroom cooperation. Teachers can extend the song into a discussion about how family members help each other.
486|Edward Loves His Mommy|Family|70|Literacy & Phonics|Describe people, places, things, and events with relevant details (Gr 1)|secondary|Children can describe their own family members using relevant details, building oral descriptive language. After singing, invite children to share one thing about a family member, modeling how to describe people with specific, relevant details.
486|Edward Loves His Mommy|Family|258|SEL|Identifying and naming a range of emotions (Gr 1-2)|primary|This song expresses love and positive feelings within a family context, giving children vocabulary to identify and name these emotions. The family setting provides a safe framework for discussing feelings. Use during SEL circles where children share who they love and how love feels.
487|Boom Boom Baby Goes Boom Boom|Family|258|SEL|Identifying and naming a range of emotions (Gr 1-2)|primary|This gentle family song about babies and caregivers evokes feelings of love, comfort, and security. Children can identify and name these warm emotions as they sing. Use during morning meeting or after lunch to create a calm, connected classroom atmosphere.
487|Boom Boom Baby Goes Boom Boom|Family|209|Classroom Routine|Transitioning between activities/subjects (Gr 1-2)|secondary|The soothing quality of this song makes it ideal as a transition signal between active and quiet activities. The family/caregiving theme reinforces feelings of safety and belonging during classroom transitions. Sing softly to signal clean-up time or preparation for the next activity.
487|Boom Boom Baby Goes Boom Boom|Family|211|Classroom Routine|Independent work routine / staying on task (Gr 1-2)|secondary|The calm, predictable nature of this lullaby-style song creates a focused atmosphere that supports independent work. After singing, children can transition into quiet individual activities, using the song as a settling cue for focused work time.
496|Trot Trot to Grandma's House|Family|261|SEL|Recognizing and respecting others' perspectives (Gr 1-2)|primary|"This song about family members helps children recognize and appreciate the important people in their lives. Children learn that different families have different structures, building respect for diverse family compositions. Use during a ""families"" unit - children can share about their own family members after singing."
496|Trot Trot to Grandma's House|Family|263|SEL|Working cooperatively and resolving simple conflicts (Gr 1-2)|secondary|Discussing family relationships naturally leads to conversations about getting along with others, sharing, and resolving disagreements - skills that transfer directly to classroom cooperation. Teachers can extend the song into a discussion about how family members help each other.
496|Trot Trot to Grandma's House|Family|70|Literacy & Phonics|Describe people, places, things, and events with relevant details (Gr 1)|secondary|Children can describe their own family members using relevant details, building oral descriptive language. After singing, invite children to share one thing about a family member, modeling how to describe people with specific, relevant details.
526|Maman , Papa et Oncle Simon|Family|261|SEL|Recognizing and respecting others' perspectives (Gr 1-2)|primary|"This song about family members helps children recognize and appreciate the important people in their lives. Children learn that different families have different structures, building respect for diverse family compositions. Use during a ""families"" unit - children can share about their own family members after singing."
526|Maman , Papa et Oncle Simon|Family|263|SEL|Working cooperatively and resolving simple conflicts (Gr 1-2)|secondary|Discussing family relationships naturally leads to conversations about getting along with others, sharing, and resolving disagreements - skills that transfer directly to classroom cooperation. Teachers can extend the song into a discussion about how family members help each other.
526|Maman , Papa et Oncle Simon|Family|70|Literacy & Phonics|Describe people, places, things, and events with relevant details (Gr 1)|secondary|Children can describe their own family members using relevant details, building oral descriptive language. After singing, invite children to share one thing about a family member, modeling how to describe people with specific, relevant details.
537|Maman fait dodo|Family|261|SEL|Recognizing and respecting others' perspectives (Gr 1-2)|primary|"This song about family members helps children recognize and appreciate the important people in their lives. Children learn that different families have different structures, building respect for diverse family compositions. Use during a ""families"" unit - children can share about their own family members after singing."
537|Maman fait dodo|Family|263|SEL|Working cooperatively and resolving simple conflicts (Gr 1-2)|secondary|Discussing family relationships naturally leads to conversations about getting along with others, sharing, and resolving disagreements - skills that transfer directly to classroom cooperation. Teachers can extend the song into a discussion about how family members help each other.
537|Maman fait dodo|Family|70|Literacy & Phonics|Describe people, places, things, and events with relevant details (Gr 1)|secondary|Children can describe their own family members using relevant details, building oral descriptive language. After singing, invite children to share one thing about a family member, modeling how to describe people with specific, relevant details.
537|Maman fait dodo|Family|258|SEL|Identifying and naming a range of emotions (Gr 1-2)|primary|This gentle family song about babies and caregivers evokes feelings of love, comfort, and security. Children can identify and name these warm emotions as they sing. Use during morning meeting or after lunch to create a calm, connected classroom atmosphere.
537|Maman fait dodo|Family|209|Classroom Routine|Transitioning between activities/subjects (Gr 1-2)|secondary|The soothing quality of this song makes it ideal as a transition signal between active and quiet activities. The family/caregiving theme reinforces feelings of safety and belonging during classroom transitions. Sing softly to signal clean-up time or preparation for the next activity.
537|Maman fait dodo|Family|211|Classroom Routine|Independent work routine / staying on task (Gr 1-2)|secondary|The calm, predictable nature of this lullaby-style song creates a focused atmosphere that supports independent work. After singing, children can transition into quiet individual activities, using the song as a settling cue for focused work time.
157|Love Grows|Family, Feelings & Emotions|258|SEL|Identifying and naming a range of emotions (Gr 1-2)|primary|"""Love Grows"" explicitly teaches about love as an emotion that grows and expands. Children can identify and name the feeling of love and discuss who they love. Use during SEL morning meetings to build emotional vocabulary and create a positive classroom community."
157|Love Grows|Family, Feelings & Emotions|261|SEL|Recognizing and respecting others' perspectives (Gr 1-2)|secondary|The song's message about love growing everywhere helps children understand that everyone experiences and expresses love differently. Discuss different ways family members show love, building respect for diverse family dynamics and perspectives.
209|Mama's Little Baby loves Shortenin' Bread|Family, Food & Cooking|258|SEL|Identifying and naming a range of emotions (Gr 1-2)|primary|This song expresses love and positive feelings within a family context, giving children vocabulary to identify and name these emotions. The family setting provides a safe framework for discussing feelings. Use during SEL circles where children share who they love and how love feels.
400|Mama's Sleeping|Family, Routines & Social Skills|258|SEL|Identifying and naming a range of emotions (Gr 1-2)|primary|This gentle family song about babies and caregivers evokes feelings of love, comfort, and security. Children can identify and name these warm emotions as they sing. Use during morning meeting or after lunch to create a calm, connected classroom atmosphere.
400|Mama's Sleeping|Family, Routines & Social Skills|209|Classroom Routine|Transitioning between activities/subjects (Gr 1-2)|secondary|The soothing quality of this song makes it ideal as a transition signal between active and quiet activities. The family/caregiving theme reinforces feelings of safety and belonging during classroom transitions. Sing softly to signal clean-up time or preparation for the next activity.
400|Mama's Sleeping|Family, Routines & Social Skills|211|Classroom Routine|Independent work routine / staying on task (Gr 1-2)|secondary|The calm, predictable nature of this lullaby-style song creates a focused atmosphere that supports independent work. After singing, children can transition into quiet individual activities, using the song as a settling cue for focused work time.
400|Mama's Sleeping|Family, Routines & Social Skills|210|Classroom Routine|Following 2-3 step verbal directions (Gr 1-2)|primary|This song combines family themes with daily routine actions, providing natural practice in following sequential directions. Children learn the steps of a routine through song. Use during morning arrival or clean-up time to reinforce classroom procedures in a musical way.
400|Mama's Sleeping|Family, Routines & Social Skills|213|Classroom Routine|Clean-up and end-of-day routine (Gr 1-2)|secondary|The routine-oriented content of this family song can be adapted as part of the end-of-day clean-up sequence. Sing while children complete familiar closing tasks, building independence and routine-following skills in a positive, predictable way.
152|Wee Baby Moon|Family, Seasons & Weather|258|SEL|Identifying and naming a range of emotions (Gr 1-2)|primary|This gentle family song about babies and caregivers evokes feelings of love, comfort, and security. Children can identify and name these warm emotions as they sing. Use during morning meeting or after lunch to create a calm, connected classroom atmosphere.
152|Wee Baby Moon|Family, Seasons & Weather|209|Classroom Routine|Transitioning between activities/subjects (Gr 1-2)|secondary|The soothing quality of this song makes it ideal as a transition signal between active and quiet activities. The family/caregiving theme reinforces feelings of safety and belonging during classroom transitions. Sing softly to signal clean-up time or preparation for the next activity.
152|Wee Baby Moon|Family, Seasons & Weather|211|Classroom Routine|Independent work routine / staying on task (Gr 1-2)|secondary|The calm, predictable nature of this lullaby-style song creates a focused atmosphere that supports independent work. After singing, children can transition into quiet individual activities, using the song as a settling cue for focused work time.
133|Baby's Boat|Family, Water & Sea|258|SEL|Identifying and naming a range of emotions (Gr 1-2)|primary|This gentle family song about babies and caregivers evokes feelings of love, comfort, and security. Children can identify and name these warm emotions as they sing. Use during morning meeting or after lunch to create a calm, connected classroom atmosphere.
133|Baby's Boat|Family, Water & Sea|209|Classroom Routine|Transitioning between activities/subjects (Gr 1-2)|secondary|The soothing quality of this song makes it ideal as a transition signal between active and quiet activities. The family/caregiving theme reinforces feelings of safety and belonging during classroom transitions. Sing softly to signal clean-up time or preparation for the next activity.
133|Baby's Boat|Family, Water & Sea|211|Classroom Routine|Independent work routine / staying on task (Gr 1-2)|secondary|The calm, predictable nature of this lullaby-style song creates a focused atmosphere that supports independent work. After singing, children can transition into quiet individual activities, using the song as a settling cue for focused work time.
337|Baby's Boat|Family, Water & Sea|258|SEL|Identifying and naming a range of emotions (Gr 1-2)|primary|This gentle family song about babies and caregivers evokes feelings of love, comfort, and security. Children can identify and name these warm emotions as they sing. Use during morning meeting or after lunch to create a calm, connected classroom atmosphere.
337|Baby's Boat|Family, Water & Sea|209|Classroom Routine|Transitioning between activities/subjects (Gr 1-2)|secondary|The soothing quality of this song makes it ideal as a transition signal between active and quiet activities. The family/caregiving theme reinforces feelings of safety and belonging during classroom transitions. Sing softly to signal clean-up time or preparation for the next activity.
337|Baby's Boat|Family, Water & Sea|211|Classroom Routine|Independent work routine / staying on task (Gr 1-2)|secondary|The calm, predictable nature of this lullaby-style song creates a focused atmosphere that supports independent work. After singing, children can transition into quiet individual activities, using the song as a settling cue for focused work time.
1|How'd ja do|Stories & Rhymes|184|Literacy & Phonics|Retell a familiar story with key details, in sequence (Gr 1)|primary|This traditional nursery rhyme tells a simple story that children can learn to retell with key details. The predictable pattern and rhyming structure support memory and comprehension. Use during shared reading or circle time, having children join in on repeated phrases.
1|How'd ja do|Stories & Rhymes|70|Literacy & Phonics|Describe people, places, things, and events with relevant details (Gr 1)|secondary|Children can describe the characters, actions, and settings from this rhyme using relevant details from the lyrics. After singing, invite children to add their own descriptive words or draw a picture of what happens in the song.
7|Rum Tum Tiddle|Stories & Rhymes|79|Literacy & Phonics|Determine word meanings, explore word relationships (Gr 1)|primary|This playful nonsense-rhyme song introduces children to word sounds, syllables, and rhythm without meaning pressure. The rhyming patterns build phonological awareness - a key predictor of reading success. Children can generate their own rhyming variations, exploring how changing initial sounds creates new words.
7|Rum Tum Tiddle|Stories & Rhymes|236|Literacy & Phonics|Explore word relationships and nuances (Gr 1)|secondary|The silly, made-up words in this rhyme invite children to play with language and explore how words relate to each other through sound patterns. Encourage children to substitute their own silly words following the same rhythm.
7|Rum Tum Tiddle|Stories & Rhymes|221|Gross Motor & Movement|Moving to rhythm and tempo (Gr 1-2)|secondary|The bouncy rhythm of this nonsense rhyme naturally invites clapping, tapping, or bouncing along. Children feel the syllable stress through movement, building body awareness of rhythm and tempo.
8|Palm Tickles|Stories & Rhymes|216|Fine Motor Skills|Using tools: glue, scissors, rulers|secondary|This fingerplay song involves fine motor movements of the hands and fingers. Children practice pincer grasp, finger isolation, and hand-eye coordination as they act out the lyrics. Use as a warm-up before writing activities or as a transition activity to settle hands.
8|Palm Tickles|Stories & Rhymes|217|Fine Motor Skills|Drawing with increasing detail and control|secondary|The precise finger movements in this song help build the fine motor control needed for detailed drawing. Teachers can extend the activity by having children draw the character or object from the rhyme afterward.
21|Coulter's Candy|Stories & Rhymes|184|Literacy & Phonics|Retell a familiar story with key details, in sequence (Gr 1)|primary|"""Coulter's Candy"" (also known as ""Ally Bally"") is a traditional Scottish lullaby with a narrative about a candy seller. Children can retell the simple story of the candy man selling his wares. Use during a community helpers or food-themed unit to build narrative comprehension."
21|Coulter's Candy|Stories & Rhymes|79|Literacy & Phonics|Determine word meanings, explore word relationships (Gr 1)|secondary|"The song contains dialect-specific vocabulary (e.g., ""bree,"" ""coupon"") that invites exploration of word meanings and regional language differences. Children can compare words from the song with their own vocabulary, building word awareness."
32|Shoofly|Stories & Rhymes|184|Literacy & Phonics|Retell a familiar story with key details, in sequence (Gr 1)|primary|This traditional nursery rhyme tells a simple story that children can learn to retell with key details. The predictable pattern and rhyming structure support memory and comprehension. Use during shared reading or circle time, having children join in on repeated phrases.
32|Shoofly|Stories & Rhymes|70|Literacy & Phonics|Describe people, places, things, and events with relevant details (Gr 1)|secondary|Children can describe the characters, actions, and settings from this rhyme using relevant details from the lyrics. After singing, invite children to add their own descriptive words or draw a picture of what happens in the song.
41|Razzama Tazzama|Stories & Rhymes|184|Literacy & Phonics|Retell a familiar story with key details, in sequence (Gr 1)|primary|This traditional nursery rhyme tells a simple narrative that children can learn to retell in sequence. The rhyming pattern and repetitive structure support memory and story comprehension. Teachers can use picture cards to help children sequence events and retell the rhyme in their own words.
41|Razzama Tazzama|Stories & Rhymes|185|Literacy & Phonics|Identify characters, settings, and major events in a story (Gr 1)|secondary|The song introduces characters (e.g., the Duke, Jenny Jones, Old Roger) and settings that children can identify and discuss. Use as a circle-time activity where children name who is in the song and what happens, building foundational story analysis skills.
41|Razzama Tazzama|Stories & Rhymes|70|Literacy & Phonics|Describe people, places, things, and events with relevant details (Gr 1)|secondary|Children can describe the characters and places mentioned in the rhyme with increasing detail. After singing, encourage children to add their own descriptive words about the song's characters, building oral language and vocabulary.
41|Razzama Tazzama|Stories & Rhymes|79|Literacy & Phonics|Determine word meanings, explore word relationships (Gr 1)|primary|This playful nonsense-rhyme song introduces children to word sounds, syllables, and rhythm without meaning pressure. The rhyming patterns build phonological awareness - a key predictor of reading success. Children can generate their own rhyming variations, exploring how changing initial sounds creates new words.
41|Razzama Tazzama|Stories & Rhymes|236|Literacy & Phonics|Explore word relationships and nuances (Gr 1)|secondary|The silly, made-up words in this rhyme invite children to play with language and explore how words relate to each other through sound patterns. Encourage children to substitute their own silly words following the same rhythm.
41|Razzama Tazzama|Stories & Rhymes|221|Gross Motor & Movement|Moving to rhythm and tempo (Gr 1-2)|secondary|The bouncy rhythm of this nonsense rhyme naturally invites clapping, tapping, or bouncing along. Children feel the syllable stress through movement, building body awareness of rhythm and tempo.
43|Who's That Sitting There|Stories & Rhymes|184|Literacy & Phonics|Retell a familiar story with key details, in sequence (Gr 1)|primary|This traditional nursery rhyme tells a simple narrative that children can learn to retell in sequence. The rhyming pattern and repetitive structure support memory and story comprehension. Teachers can use picture cards to help children sequence events and retell the rhyme in their own words.
43|Who's That Sitting There|Stories & Rhymes|185|Literacy & Phonics|Identify characters, settings, and major events in a story (Gr 1)|secondary|The song introduces characters (e.g., the Duke, Jenny Jones, Old Roger) and settings that children can identify and discuss. Use as a circle-time activity where children name who is in the song and what happens, building foundational story analysis skills.
43|Who's That Sitting There|Stories & Rhymes|70|Literacy & Phonics|Describe people, places, things, and events with relevant details (Gr 1)|secondary|Children can describe the characters and places mentioned in the rhyme with increasing detail. After singing, encourage children to add their own descriptive words about the song's characters, building oral language and vocabulary.
44|Davy Davy Dumpling|Stories & Rhymes|184|Literacy & Phonics|Retell a familiar story with key details, in sequence (Gr 1)|primary|This traditional nursery rhyme tells a simple narrative that children can learn to retell in sequence. The rhyming pattern and repetitive structure support memory and story comprehension. Teachers can use picture cards to help children sequence events and retell the rhyme in their own words.
44|Davy Davy Dumpling|Stories & Rhymes|185|Literacy & Phonics|Identify characters, settings, and major events in a story (Gr 1)|secondary|The song introduces characters (e.g., the Duke, Jenny Jones, Old Roger) and settings that children can identify and discuss. Use as a circle-time activity where children name who is in the song and what happens, building foundational story analysis skills.
44|Davy Davy Dumpling|Stories & Rhymes|70|Literacy & Phonics|Describe people, places, things, and events with relevant details (Gr 1)|secondary|Children can describe the characters and places mentioned in the rhyme with increasing detail. After singing, encourage children to add their own descriptive words about the song's characters, building oral language and vocabulary.
46|A Smooth Road|Stories & Rhymes|221|Gross Motor & Movement|Moving to rhythm and tempo (Gr 1-2)|primary|"""A Smooth Road"" is a lap-bouncing rhyme where children move to the changing rhythm - smooth road (gentle bounce), bumpy road (bouncy), and rough road (jiggly). This directly builds body awareness and rhythm response. Perfect for carpet time as children sit in pairs or with a caregiver."
46|A Smooth Road|Stories & Rhymes|222|Gross Motor & Movement|Following multi-step movement directions / spatial awareness (Gr 1-2)|secondary|The three distinct movement patterns (smooth/bumpy/rough) require children to listen and switch motor responses accordingly, building the ability to follow multi-step physical directions and develop spatial awareness through body positioning.
48|X Marks the Spot|Stories & Rhymes|216|Fine Motor Skills|Using tools: glue, scissors, rulers|primary|"""X Marks the Spot"" is a classic fingerplay/tickle rhyme that follows a specific hand-movement pattern on the body. Children practice fine motor precision as they draw an X, trace a circle, and perform a tickle motion. Use as a pre-writing warm-up to develop hand control and body awareness."
50|How Go The Ladies|Stories & Rhymes|184|Literacy & Phonics|Retell a familiar story with key details, in sequence (Gr 1)|primary|This traditional nursery rhyme tells a simple narrative that children can learn to retell in sequence. The rhyming pattern and repetitive structure support memory and story comprehension. Teachers can use picture cards to help children sequence events and retell the rhyme in their own words.
50|How Go The Ladies|Stories & Rhymes|185|Literacy & Phonics|Identify characters, settings, and major events in a story (Gr 1)|secondary|The song introduces characters (e.g., the Duke, Jenny Jones, Old Roger) and settings that children can identify and discuss. Use as a circle-time activity where children name who is in the song and what happens, building foundational story analysis skills.
50|How Go The Ladies|Stories & Rhymes|70|Literacy & Phonics|Describe people, places, things, and events with relevant details (Gr 1)|secondary|Children can describe the characters and places mentioned in the rhyme with increasing detail. After singing, encourage children to add their own descriptive words about the song's characters, building oral language and vocabulary.
50|How Go The Ladies|Stories & Rhymes|221|Gross Motor & Movement|Moving to rhythm and tempo (Gr 1-2)|primary|This action rhyme requires children to move their bodies in time with the lyrics, developing rhythm awareness and gross motor coordination. Children bounce, sway, or march to the beat as they sing. Perfect for a movement break between seated activities.
50|How Go The Ladies|Stories & Rhymes|222|Gross Motor & Movement|Following multi-step movement directions / spatial awareness (Gr 1-2)|secondary|The song directs children through multiple movement sequences (up/down, fast/slow, side to side), building spatial awareness and direction-following skills. Use during physical education or as a whole-group transition activity.
52|Wibbleton to Wobbleton/ Trumpety Trumpety trump|Stories & Rhymes|184|Literacy & Phonics|Retell a familiar story with key details, in sequence (Gr 1)|primary|This traditional nursery rhyme tells a simple narrative that children can learn to retell in sequence. The rhyming pattern and repetitive structure support memory and story comprehension. Teachers can use picture cards to help children sequence events and retell the rhyme in their own words.
52|Wibbleton to Wobbleton/ Trumpety Trumpety trump|Stories & Rhymes|185|Literacy & Phonics|Identify characters, settings, and major events in a story (Gr 1)|secondary|The song introduces characters (e.g., the Duke, Jenny Jones, Old Roger) and settings that children can identify and discuss. Use as a circle-time activity where children name who is in the song and what happens, building foundational story analysis skills.
52|Wibbleton to Wobbleton/ Trumpety Trumpety trump|Stories & Rhymes|70|Literacy & Phonics|Describe people, places, things, and events with relevant details (Gr 1)|secondary|Children can describe the characters and places mentioned in the rhyme with increasing detail. After singing, encourage children to add their own descriptive words about the song's characters, building oral language and vocabulary.
52|Wibbleton to Wobbleton/ Trumpety Trumpety trump|Stories & Rhymes|221|Gross Motor & Movement|Moving to rhythm and tempo (Gr 1-2)|primary|This action rhyme requires children to move their bodies in time with the lyrics, developing rhythm awareness and gross motor coordination. Children bounce, sway, or march to the beat as they sing. Perfect for a movement break between seated activities.
52|Wibbleton to Wobbleton/ Trumpety Trumpety trump|Stories & Rhymes|222|Gross Motor & Movement|Following multi-step movement directions / spatial awareness (Gr 1-2)|secondary|The song directs children through multiple movement sequences (up/down, fast/slow, side to side), building spatial awareness and direction-following skills. Use during physical education or as a whole-group transition activity.
57|Duke of York|Stories & Rhymes|184|Literacy & Phonics|Retell a familiar story with key details, in sequence (Gr 1)|primary|This traditional nursery rhyme tells a simple narrative that children can learn to retell in sequence. The rhyming pattern and repetitive structure support memory and story comprehension. Teachers can use picture cards to help children sequence events and retell the rhyme in their own words.
57|Duke of York|Stories & Rhymes|185|Literacy & Phonics|Identify characters, settings, and major events in a story (Gr 1)|secondary|The song introduces characters (e.g., the Duke, Jenny Jones, Old Roger) and settings that children can identify and discuss. Use as a circle-time activity where children name who is in the song and what happens, building foundational story analysis skills.
57|Duke of York|Stories & Rhymes|70|Literacy & Phonics|Describe people, places, things, and events with relevant details (Gr 1)|secondary|Children can describe the characters and places mentioned in the rhyme with increasing detail. After singing, encourage children to add their own descriptive words about the song's characters, building oral language and vocabulary.
57|Duke of York|Stories & Rhymes|221|Gross Motor & Movement|Moving to rhythm and tempo (Gr 1-2)|primary|This action rhyme requires children to move their bodies in time with the lyrics, developing rhythm awareness and gross motor coordination. Children bounce, sway, or march to the beat as they sing. Perfect for a movement break between seated activities.
57|Duke of York|Stories & Rhymes|222|Gross Motor & Movement|Following multi-step movement directions / spatial awareness (Gr 1-2)|secondary|The song directs children through multiple movement sequences (up/down, fast/slow, side to side), building spatial awareness and direction-following skills. Use during physical education or as a whole-group transition activity.
59|Dirty Bill|Stories & Rhymes|184|Literacy & Phonics|Retell a familiar story with key details, in sequence (Gr 1)|primary|This traditional nursery rhyme tells a simple narrative that children can learn to retell in sequence. The rhyming pattern and repetitive structure support memory and story comprehension. Teachers can use picture cards to help children sequence events and retell the rhyme in their own words.
59|Dirty Bill|Stories & Rhymes|185|Literacy & Phonics|Identify characters, settings, and major events in a story (Gr 1)|secondary|The song introduces characters (e.g., the Duke, Jenny Jones, Old Roger) and settings that children can identify and discuss. Use as a circle-time activity where children name who is in the song and what happens, building foundational story analysis skills.
59|Dirty Bill|Stories & Rhymes|70|Literacy & Phonics|Describe people, places, things, and events with relevant details (Gr 1)|secondary|Children can describe the characters and places mentioned in the rhyme with increasing detail. After singing, encourage children to add their own descriptive words about the song's characters, building oral language and vocabulary.
66|Jim along Josie|Stories & Rhymes|184|Literacy & Phonics|Retell a familiar story with key details, in sequence (Gr 1)|primary|This traditional nursery rhyme tells a simple narrative that children can learn to retell in sequence. The rhyming pattern and repetitive structure support memory and story comprehension. Teachers can use picture cards to help children sequence events and retell the rhyme in their own words.
66|Jim along Josie|Stories & Rhymes|185|Literacy & Phonics|Identify characters, settings, and major events in a story (Gr 1)|secondary|The song introduces characters (e.g., the Duke, Jenny Jones, Old Roger) and settings that children can identify and discuss. Use as a circle-time activity where children name who is in the song and what happens, building foundational story analysis skills.
66|Jim along Josie|Stories & Rhymes|70|Literacy & Phonics|Describe people, places, things, and events with relevant details (Gr 1)|secondary|Children can describe the characters and places mentioned in the rhyme with increasing detail. After singing, encourage children to add their own descriptive words about the song's characters, building oral language and vocabulary.
67|There's a Cobbler down the Street|Stories & Rhymes|216|Fine Motor Skills|Using tools: glue, scissors, rulers|secondary|This fingerplay song involves fine motor movements of the hands and fingers. Children practice pincer grasp, finger isolation, and hand-eye coordination as they act out the lyrics. Use as a warm-up before writing activities or as a transition activity to settle hands.
67|There's a Cobbler down the Street|Stories & Rhymes|217|Fine Motor Skills|Drawing with increasing detail and control|secondary|The precise finger movements in this song help build the fine motor control needed for detailed drawing. Teachers can extend the activity by having children draw the character or object from the rhyme afterward.
69|Wobbi-Do-Wop|Stories & Rhymes|79|Literacy & Phonics|Determine word meanings, explore word relationships (Gr 1)|primary|This playful nonsense-rhyme song introduces children to word sounds, syllables, and rhythm without meaning pressure. The rhyming patterns build phonological awareness - a key predictor of reading success. Children can generate their own rhyming variations, exploring how changing initial sounds creates new words.
69|Wobbi-Do-Wop|Stories & Rhymes|236|Literacy & Phonics|Explore word relationships and nuances (Gr 1)|secondary|The silly, made-up words in this rhyme invite children to play with language and explore how words relate to each other through sound patterns. Encourage children to substitute their own silly words following the same rhythm.
69|Wobbi-Do-Wop|Stories & Rhymes|221|Gross Motor & Movement|Moving to rhythm and tempo (Gr 1-2)|secondary|The bouncy rhythm of this nonsense rhyme naturally invites clapping, tapping, or bouncing along. Children feel the syllable stress through movement, building body awareness of rhythm and tempo.
87|Jeremiah Blow the Fire|Stories & Rhymes|184|Literacy & Phonics|Retell a familiar story with key details, in sequence (Gr 1)|primary|This traditional nursery rhyme tells a simple narrative that children can learn to retell in sequence. The rhyming pattern and repetitive structure support memory and story comprehension. Teachers can use picture cards to help children sequence events and retell the rhyme in their own words.
87|Jeremiah Blow the Fire|Stories & Rhymes|185|Literacy & Phonics|Identify characters, settings, and major events in a story (Gr 1)|secondary|The song introduces characters (e.g., the Duke, Jenny Jones, Old Roger) and settings that children can identify and discuss. Use as a circle-time activity where children name who is in the song and what happens, building foundational story analysis skills.
87|Jeremiah Blow the Fire|Stories & Rhymes|70|Literacy & Phonics|Describe people, places, things, and events with relevant details (Gr 1)|secondary|Children can describe the characters and places mentioned in the rhyme with increasing detail. After singing, encourage children to add their own descriptive words about the song's characters, building oral language and vocabulary.
111|Put your Shoes on Lucy|Stories & Rhymes|210|Classroom Routine|Following 2-3 step verbal directions (Gr 1-2)|primary|This song teaches the routine of getting dressed, following sequential steps. Children practice listening and following multi-step directions about preparing for outdoor time. Use during the morning arrival or before outdoor play as a fun dressing routine.
111|Put your Shoes on Lucy|Stories & Rhymes|211|Classroom Routine|Independent work routine / staying on task (Gr 1-2)|secondary|The song models self-care independence as children learn to complete personal tasks (putting on shoes) without assistance. This builds the self-regulation and task-completion skills needed for independent classroom work.
116|Duke of York|Stories & Rhymes|184|Literacy & Phonics|Retell a familiar story with key details, in sequence (Gr 1)|primary|This traditional nursery rhyme tells a simple narrative that children can learn to retell in sequence. The rhyming pattern and repetitive structure support memory and story comprehension. Teachers can use picture cards to help children sequence events and retell the rhyme in their own words.
116|Duke of York|Stories & Rhymes|185|Literacy & Phonics|Identify characters, settings, and major events in a story (Gr 1)|secondary|The song introduces characters (e.g., the Duke, Jenny Jones, Old Roger) and settings that children can identify and discuss. Use as a circle-time activity where children name who is in the song and what happens, building foundational story analysis skills.
116|Duke of York|Stories & Rhymes|70|Literacy & Phonics|Describe people, places, things, and events with relevant details (Gr 1)|secondary|Children can describe the characters and places mentioned in the rhyme with increasing detail. After singing, encourage children to add their own descriptive words about the song's characters, building oral language and vocabulary.
116|Duke of York|Stories & Rhymes|221|Gross Motor & Movement|Moving to rhythm and tempo (Gr 1-2)|primary|This action rhyme requires children to move their bodies in time with the lyrics, developing rhythm awareness and gross motor coordination. Children bounce, sway, or march to the beat as they sing. Perfect for a movement break between seated activities.
116|Duke of York|Stories & Rhymes|222|Gross Motor & Movement|Following multi-step movement directions / spatial awareness (Gr 1-2)|secondary|The song directs children through multiple movement sequences (up/down, fast/slow, side to side), building spatial awareness and direction-following skills. Use during physical education or as a whole-group transition activity.
118|Dropped My Hat|Stories & Rhymes|184|Literacy & Phonics|Retell a familiar story with key details, in sequence (Gr 1)|primary|This traditional nursery rhyme tells a simple narrative that children can learn to retell in sequence. The rhyming pattern and repetitive structure support memory and story comprehension. Teachers can use picture cards to help children sequence events and retell the rhyme in their own words.
118|Dropped My Hat|Stories & Rhymes|185|Literacy & Phonics|Identify characters, settings, and major events in a story (Gr 1)|secondary|The song introduces characters (e.g., the Duke, Jenny Jones, Old Roger) and settings that children can identify and discuss. Use as a circle-time activity where children name who is in the song and what happens, building foundational story analysis skills.
118|Dropped My Hat|Stories & Rhymes|70|Literacy & Phonics|Describe people, places, things, and events with relevant details (Gr 1)|secondary|Children can describe the characters and places mentioned in the rhyme with increasing detail. After singing, encourage children to add their own descriptive words about the song's characters, building oral language and vocabulary.
118|Dropped My Hat|Stories & Rhymes|186|Literacy & Phonics|Ask and answer questions about key details in a text read aloud (Gr 1)|primary|"This narrative rhyme presents a small problem that children can discuss and predict solutions for. The simple storyline supports question-and-answer discussions about character actions and consequences. Teachers can pause and ask ""What happened? What should they do?"""
119|Come Look a see|Stories & Rhymes|184|Literacy & Phonics|Retell a familiar story with key details, in sequence (Gr 1)|primary|This traditional nursery rhyme tells a simple narrative that children can learn to retell in sequence. The rhyming pattern and repetitive structure support memory and story comprehension. Teachers can use picture cards to help children sequence events and retell the rhyme in their own words.
119|Come Look a see|Stories & Rhymes|185|Literacy & Phonics|Identify characters, settings, and major events in a story (Gr 1)|secondary|The song introduces characters (e.g., the Duke, Jenny Jones, Old Roger) and settings that children can identify and discuss. Use as a circle-time activity where children name who is in the song and what happens, building foundational story analysis skills.
119|Come Look a see|Stories & Rhymes|70|Literacy & Phonics|Describe people, places, things, and events with relevant details (Gr 1)|secondary|Children can describe the characters and places mentioned in the rhyme with increasing detail. After singing, encourage children to add their own descriptive words about the song's characters, building oral language and vocabulary.
119|Come Look a see|Stories & Rhymes|186|Literacy & Phonics|Ask and answer questions about key details in a text read aloud (Gr 1)|primary|"This narrative rhyme presents a small problem that children can discuss and predict solutions for. The simple storyline supports question-and-answer discussions about character actions and consequences. Teachers can pause and ask ""What happened? What should they do?"""
121|Zoom, Zoom, Zoom|Stories & Rhymes|184|Literacy & Phonics|Retell a familiar story with key details, in sequence (Gr 1)|primary|This traditional nursery rhyme tells a simple story that children can learn to retell with key details. The predictable pattern and rhyming structure support memory and comprehension. Use during shared reading or circle time, having children join in on repeated phrases.
121|Zoom, Zoom, Zoom|Stories & Rhymes|70|Literacy & Phonics|Describe people, places, things, and events with relevant details (Gr 1)|secondary|Children can describe the characters, actions, and settings from this rhyme using relevant details from the lyrics. After singing, invite children to add their own descriptive words or draw a picture of what happens in the song.
123|Simple Gifts|Stories & Rhymes|184|Literacy & Phonics|Retell a familiar story with key details, in sequence (Gr 1)|primary|This traditional nursery rhyme tells a simple narrative that children can learn to retell in sequence. The rhyming pattern and repetitive structure support memory and story comprehension. Teachers can use picture cards to help children sequence events and retell the rhyme in their own words.
123|Simple Gifts|Stories & Rhymes|185|Literacy & Phonics|Identify characters, settings, and major events in a story (Gr 1)|secondary|The song introduces characters (e.g., the Duke, Jenny Jones, Old Roger) and settings that children can identify and discuss. Use as a circle-time activity where children name who is in the song and what happens, building foundational story analysis skills.
123|Simple Gifts|Stories & Rhymes|70|Literacy & Phonics|Describe people, places, things, and events with relevant details (Gr 1)|secondary|Children can describe the characters and places mentioned in the rhyme with increasing detail. After singing, encourage children to add their own descriptive words about the song's characters, building oral language and vocabulary.
123|Simple Gifts|Stories & Rhymes|258|SEL|Identifying and naming a range of emotions (Gr 1-2)|primary|This gratitude-themed song helps children identify and express positive emotions like thankfulness and appreciation. Children learn to name what they are grateful for, building emotional vocabulary and positive classroom culture. Use during morning meeting as a gratitude-sharing prompt.
123|Simple Gifts|Stories & Rhymes|262|SEL|Communicating clearly and listening actively (Gr 1-2)|secondary|Singing about gratitude provides a natural framework for children to practice expressing appreciation to peers. Extend by having children thank a classmate for something specific, building communication and positive peer relationships.
130|Alley Bally|Stories & Rhymes|184|Literacy & Phonics|Retell a familiar story with key details, in sequence (Gr 1)|primary|This traditional nursery rhyme tells a simple narrative that children can learn to retell in sequence. The rhyming pattern and repetitive structure support memory and story comprehension. Teachers can use picture cards to help children sequence events and retell the rhyme in their own words.
130|Alley Bally|Stories & Rhymes|185|Literacy & Phonics|Identify characters, settings, and major events in a story (Gr 1)|secondary|The song introduces characters (e.g., the Duke, Jenny Jones, Old Roger) and settings that children can identify and discuss. Use as a circle-time activity where children name who is in the song and what happens, building foundational story analysis skills.
130|Alley Bally|Stories & Rhymes|70|Literacy & Phonics|Describe people, places, things, and events with relevant details (Gr 1)|secondary|Children can describe the characters and places mentioned in the rhyme with increasing detail. After singing, encourage children to add their own descriptive words about the song's characters, building oral language and vocabulary.
130|Alley Bally|Stories & Rhymes|79|Literacy & Phonics|Determine word meanings, explore word relationships (Gr 1)|primary|This playful nonsense-rhyme song introduces children to word sounds, syllables, and rhythm without meaning pressure. The rhyming patterns build phonological awareness - a key predictor of reading success. Children can generate their own rhyming variations, exploring how changing initial sounds creates new words.
130|Alley Bally|Stories & Rhymes|236|Literacy & Phonics|Explore word relationships and nuances (Gr 1)|secondary|The silly, made-up words in this rhyme invite children to play with language and explore how words relate to each other through sound patterns. Encourage children to substitute their own silly words following the same rhythm.
130|Alley Bally|Stories & Rhymes|221|Gross Motor & Movement|Moving to rhythm and tempo (Gr 1-2)|secondary|The bouncy rhythm of this nonsense rhyme naturally invites clapping, tapping, or bouncing along. Children feel the syllable stress through movement, building body awareness of rhythm and tempo.
131|All the little ones are sleeping|Stories & Rhymes|11|Math & Numeracy|Count to 50 starting at any number (Gr 1)|primary|This counting rhyme helps children practice rote counting and number sequencing. The repetitive numerical pattern builds number sense and one-to-one correspondence. Sing while children hold up fingers or count on their bodies - perfect for a morning meeting math warm-up.
131|All the little ones are sleeping|Stories & Rhymes|1|Math & Numeracy|Represent and solve addition & subtraction word problems within 20 (Gr 1)|secondary|"The counting pattern in this song can be extended into simple addition and subtraction problems (e.g., ""5 little pumpkins sitting on a gate... one rolled away, how many left?""). Teachers can pause during the song to ask ""how many now?"" questions."
131|All the little ones are sleeping|Stories & Rhymes|209|Classroom Routine|Transitioning between activities/subjects (Gr 1-2)|secondary|This gentle rhyme creates a calm transition signal, helping children move from active play to quiet time. The soothing rhythm signals the brain to wind down. Use as the consistent cue for rest time or after-lunch settling.
131|All the little ones are sleeping|Stories & Rhymes|213|Classroom Routine|Clean-up and end-of-day routine (Gr 1-2)|secondary|The calm, repetitive nature of this lullaby-like rhyme supports end-of-day winding down. Sing softly while children tidy their spaces and prepare to go home, creating a predictable and soothing closing routine.
156|Jarvis to Port Dover|Stories & Rhymes|184|Literacy & Phonics|Retell a familiar story with key details, in sequence (Gr 1)|primary|This traditional nursery rhyme tells a simple story that children can learn to retell with key details. The predictable pattern and rhyming structure support memory and comprehension. Use during shared reading or circle time, having children join in on repeated phrases.
156|Jarvis to Port Dover|Stories & Rhymes|70|Literacy & Phonics|Describe people, places, things, and events with relevant details (Gr 1)|secondary|Children can describe the characters, actions, and settings from this rhyme using relevant details from the lyrics. After singing, invite children to add their own descriptive words or draw a picture of what happens in the song.
158|Jack's House|Stories & Rhymes|184|Literacy & Phonics|Retell a familiar story with key details, in sequence (Gr 1)|primary|This traditional nursery rhyme tells a simple narrative that children can learn to retell in sequence. The rhyming pattern and repetitive structure support memory and story comprehension. Teachers can use picture cards to help children sequence events and retell the rhyme in their own words.
158|Jack's House|Stories & Rhymes|185|Literacy & Phonics|Identify characters, settings, and major events in a story (Gr 1)|secondary|The song introduces characters (e.g., the Duke, Jenny Jones, Old Roger) and settings that children can identify and discuss. Use as a circle-time activity where children name who is in the song and what happens, building foundational story analysis skills.
158|Jack's House|Stories & Rhymes|70|Literacy & Phonics|Describe people, places, things, and events with relevant details (Gr 1)|secondary|Children can describe the characters and places mentioned in the rhyme with increasing detail. After singing, encourage children to add their own descriptive words about the song's characters, building oral language and vocabulary.
180|Up and Down the Rocky Road|Stories & Rhymes|184|Literacy & Phonics|Retell a familiar story with key details, in sequence (Gr 1)|primary|This traditional nursery rhyme tells a simple narrative that children can learn to retell in sequence. The rhyming pattern and repetitive structure support memory and story comprehension. Teachers can use picture cards to help children sequence events and retell the rhyme in their own words.
180|Up and Down the Rocky Road|Stories & Rhymes|185|Literacy & Phonics|Identify characters, settings, and major events in a story (Gr 1)|secondary|The song introduces characters (e.g., the Duke, Jenny Jones, Old Roger) and settings that children can identify and discuss. Use as a circle-time activity where children name who is in the song and what happens, building foundational story analysis skills.
180|Up and Down the Rocky Road|Stories & Rhymes|70|Literacy & Phonics|Describe people, places, things, and events with relevant details (Gr 1)|secondary|Children can describe the characters and places mentioned in the rhyme with increasing detail. After singing, encourage children to add their own descriptive words about the song's characters, building oral language and vocabulary.
180|Up and Down the Rocky Road|Stories & Rhymes|221|Gross Motor & Movement|Moving to rhythm and tempo (Gr 1-2)|primary|This action rhyme requires children to move their bodies in time with the lyrics, developing rhythm awareness and gross motor coordination. Children bounce, sway, or march to the beat as they sing. Perfect for a movement break between seated activities.
180|Up and Down the Rocky Road|Stories & Rhymes|222|Gross Motor & Movement|Following multi-step movement directions / spatial awareness (Gr 1-2)|secondary|The song directs children through multiple movement sequences (up/down, fast/slow, side to side), building spatial awareness and direction-following skills. Use during physical education or as a whole-group transition activity.
189|I'm Going to the Woods|Stories & Rhymes|184|Literacy & Phonics|Retell a familiar story with key details, in sequence (Gr 1)|primary|This traditional nursery rhyme tells a simple narrative that children can learn to retell in sequence. The rhyming pattern and repetitive structure support memory and story comprehension. Teachers can use picture cards to help children sequence events and retell the rhyme in their own words.
189|I'm Going to the Woods|Stories & Rhymes|185|Literacy & Phonics|Identify characters, settings, and major events in a story (Gr 1)|secondary|The song introduces characters (e.g., the Duke, Jenny Jones, Old Roger) and settings that children can identify and discuss. Use as a circle-time activity where children name who is in the song and what happens, building foundational story analysis skills.
189|I'm Going to the Woods|Stories & Rhymes|70|Literacy & Phonics|Describe people, places, things, and events with relevant details (Gr 1)|secondary|Children can describe the characters and places mentioned in the rhyme with increasing detail. After singing, encourage children to add their own descriptive words about the song's characters, building oral language and vocabulary.
193|Button It Up|Stories & Rhymes|216|Fine Motor Skills|Using tools: glue, scissors, rulers|secondary|This fingerplay song involves fine motor movements of the hands and fingers. Children practice pincer grasp, finger isolation, and hand-eye coordination as they act out the lyrics. Use as a warm-up before writing activities or as a transition activity to settle hands.
193|Button It Up|Stories & Rhymes|217|Fine Motor Skills|Drawing with increasing detail and control|secondary|The precise finger movements in this song help build the fine motor control needed for detailed drawing. Teachers can extend the activity by having children draw the character or object from the rhyme afterward.
194|Harry went to Hampstead|Stories & Rhymes|184|Literacy & Phonics|Retell a familiar story with key details, in sequence (Gr 1)|primary|This traditional nursery rhyme tells a simple narrative that children can learn to retell in sequence. The rhyming pattern and repetitive structure support memory and story comprehension. Teachers can use picture cards to help children sequence events and retell the rhyme in their own words.
194|Harry went to Hampstead|Stories & Rhymes|185|Literacy & Phonics|Identify characters, settings, and major events in a story (Gr 1)|secondary|The song introduces characters (e.g., the Duke, Jenny Jones, Old Roger) and settings that children can identify and discuss. Use as a circle-time activity where children name who is in the song and what happens, building foundational story analysis skills.
194|Harry went to Hampstead|Stories & Rhymes|70|Literacy & Phonics|Describe people, places, things, and events with relevant details (Gr 1)|secondary|Children can describe the characters and places mentioned in the rhyme with increasing detail. After singing, encourage children to add their own descriptive words about the song's characters, building oral language and vocabulary.
196|The Ponies are Walking|Stories & Rhymes|184|Literacy & Phonics|Retell a familiar story with key details, in sequence (Gr 1)|primary|This traditional nursery rhyme tells a simple narrative that children can learn to retell in sequence. The rhyming pattern and repetitive structure support memory and story comprehension. Teachers can use picture cards to help children sequence events and retell the rhyme in their own words.
196|The Ponies are Walking|Stories & Rhymes|185|Literacy & Phonics|Identify characters, settings, and major events in a story (Gr 1)|secondary|The song introduces characters (e.g., the Duke, Jenny Jones, Old Roger) and settings that children can identify and discuss. Use as a circle-time activity where children name who is in the song and what happens, building foundational story analysis skills.
196|The Ponies are Walking|Stories & Rhymes|70|Literacy & Phonics|Describe people, places, things, and events with relevant details (Gr 1)|secondary|Children can describe the characters and places mentioned in the rhyme with increasing detail. After singing, encourage children to add their own descriptive words about the song's characters, building oral language and vocabulary.
196|The Ponies are Walking|Stories & Rhymes|221|Gross Motor & Movement|Moving to rhythm and tempo (Gr 1-2)|primary|This action rhyme requires children to move their bodies in time with the lyrics, developing rhythm awareness and gross motor coordination. Children bounce, sway, or march to the beat as they sing. Perfect for a movement break between seated activities.
196|The Ponies are Walking|Stories & Rhymes|222|Gross Motor & Movement|Following multi-step movement directions / spatial awareness (Gr 1-2)|secondary|The song directs children through multiple movement sequences (up/down, fast/slow, side to side), building spatial awareness and direction-following skills. Use during physical education or as a whole-group transition activity.
197|Pace Goes the Lady|Stories & Rhymes|184|Literacy & Phonics|Retell a familiar story with key details, in sequence (Gr 1)|primary|This traditional nursery rhyme tells a simple narrative that children can learn to retell in sequence. The rhyming pattern and repetitive structure support memory and story comprehension. Teachers can use picture cards to help children sequence events and retell the rhyme in their own words.
197|Pace Goes the Lady|Stories & Rhymes|185|Literacy & Phonics|Identify characters, settings, and major events in a story (Gr 1)|secondary|The song introduces characters (e.g., the Duke, Jenny Jones, Old Roger) and settings that children can identify and discuss. Use as a circle-time activity where children name who is in the song and what happens, building foundational story analysis skills.
197|Pace Goes the Lady|Stories & Rhymes|70|Literacy & Phonics|Describe people, places, things, and events with relevant details (Gr 1)|secondary|Children can describe the characters and places mentioned in the rhyme with increasing detail. After singing, encourage children to add their own descriptive words about the song's characters, building oral language and vocabulary.
197|Pace Goes the Lady|Stories & Rhymes|221|Gross Motor & Movement|Moving to rhythm and tempo (Gr 1-2)|primary|This action rhyme requires children to move their bodies in time with the lyrics, developing rhythm awareness and gross motor coordination. Children bounce, sway, or march to the beat as they sing. Perfect for a movement break between seated activities.
197|Pace Goes the Lady|Stories & Rhymes|222|Gross Motor & Movement|Following multi-step movement directions / spatial awareness (Gr 1-2)|secondary|The song directs children through multiple movement sequences (up/down, fast/slow, side to side), building spatial awareness and direction-following skills. Use during physical education or as a whole-group transition activity.
198|Jarvis to Port Dover|Stories & Rhymes|184|Literacy & Phonics|Retell a familiar story with key details, in sequence (Gr 1)|primary|This traditional nursery rhyme tells a simple story that children can learn to retell with key details. The predictable pattern and rhyming structure support memory and comprehension. Use during shared reading or circle time, having children join in on repeated phrases.
198|Jarvis to Port Dover|Stories & Rhymes|70|Literacy & Phonics|Describe people, places, things, and events with relevant details (Gr 1)|secondary|Children can describe the characters, actions, and settings from this rhyme using relevant details from the lyrics. After singing, invite children to add their own descriptive words or draw a picture of what happens in the song.
199|Down by the Banks of the Hanky Pank|Stories & Rhymes|184|Literacy & Phonics|Retell a familiar story with key details, in sequence (Gr 1)|primary|This traditional nursery rhyme tells a simple narrative that children can learn to retell in sequence. The rhyming pattern and repetitive structure support memory and story comprehension. Teachers can use picture cards to help children sequence events and retell the rhyme in their own words.
199|Down by the Banks of the Hanky Pank|Stories & Rhymes|185|Literacy & Phonics|Identify characters, settings, and major events in a story (Gr 1)|secondary|The song introduces characters (e.g., the Duke, Jenny Jones, Old Roger) and settings that children can identify and discuss. Use as a circle-time activity where children name who is in the song and what happens, building foundational story analysis skills.
199|Down by the Banks of the Hanky Pank|Stories & Rhymes|70|Literacy & Phonics|Describe people, places, things, and events with relevant details (Gr 1)|secondary|Children can describe the characters and places mentioned in the rhyme with increasing detail. After singing, encourage children to add their own descriptive words about the song's characters, building oral language and vocabulary.
207|Here's a Little Teacup|Stories & Rhymes|184|Literacy & Phonics|Retell a familiar story with key details, in sequence (Gr 1)|primary|This traditional nursery rhyme tells a simple story that children can learn to retell with key details. The predictable pattern and rhyming structure support memory and comprehension. Use during shared reading or circle time, having children join in on repeated phrases.
207|Here's a Little Teacup|Stories & Rhymes|70|Literacy & Phonics|Describe people, places, things, and events with relevant details (Gr 1)|secondary|Children can describe the characters, actions, and settings from this rhyme using relevant details from the lyrics. After singing, invite children to add their own descriptive words or draw a picture of what happens in the song.
210|Suppity Sup|Stories & Rhymes|184|Literacy & Phonics|Retell a familiar story with key details, in sequence (Gr 1)|primary|This traditional nursery rhyme tells a simple narrative that children can learn to retell in sequence. The rhyming pattern and repetitive structure support memory and story comprehension. Teachers can use picture cards to help children sequence events and retell the rhyme in their own words.
210|Suppity Sup|Stories & Rhymes|185|Literacy & Phonics|Identify characters, settings, and major events in a story (Gr 1)|secondary|The song introduces characters (e.g., the Duke, Jenny Jones, Old Roger) and settings that children can identify and discuss. Use as a circle-time activity where children name who is in the song and what happens, building foundational story analysis skills.
210|Suppity Sup|Stories & Rhymes|70|Literacy & Phonics|Describe people, places, things, and events with relevant details (Gr 1)|secondary|Children can describe the characters and places mentioned in the rhyme with increasing detail. After singing, encourage children to add their own descriptive words about the song's characters, building oral language and vocabulary.
211|Thanks A Lot|Stories & Rhymes|258|SEL|Identifying and naming a range of emotions (Gr 1-2)|primary|This gratitude-themed song helps children identify and express positive emotions like thankfulness and appreciation. Children learn to name what they are grateful for, building emotional vocabulary and positive classroom culture. Use during morning meeting as a gratitude-sharing prompt.
211|Thanks A Lot|Stories & Rhymes|262|SEL|Communicating clearly and listening actively (Gr 1-2)|secondary|Singing about gratitude provides a natural framework for children to practice expressing appreciation to peers. Extend by having children thank a classmate for something specific, building communication and positive peer relationships.
219|Tall Trees|Stories & Rhymes|184|Literacy & Phonics|Retell a familiar story with key details, in sequence (Gr 1)|primary|This traditional nursery rhyme tells a simple narrative that children can learn to retell in sequence. The rhyming pattern and repetitive structure support memory and story comprehension. Teachers can use picture cards to help children sequence events and retell the rhyme in their own words.
219|Tall Trees|Stories & Rhymes|185|Literacy & Phonics|Identify characters, settings, and major events in a story (Gr 1)|secondary|The song introduces characters (e.g., the Duke, Jenny Jones, Old Roger) and settings that children can identify and discuss. Use as a circle-time activity where children name who is in the song and what happens, building foundational story analysis skills.
219|Tall Trees|Stories & Rhymes|70|Literacy & Phonics|Describe people, places, things, and events with relevant details (Gr 1)|secondary|Children can describe the characters and places mentioned in the rhyme with increasing detail. After singing, encourage children to add their own descriptive words about the song's characters, building oral language and vocabulary.
222|Where are the Stars|Stories & Rhymes|184|Literacy & Phonics|Retell a familiar story with key details, in sequence (Gr 1)|primary|This traditional nursery rhyme tells a simple narrative that children can learn to retell in sequence. The rhyming pattern and repetitive structure support memory and story comprehension. Teachers can use picture cards to help children sequence events and retell the rhyme in their own words.
222|Where are the Stars|Stories & Rhymes|185|Literacy & Phonics|Identify characters, settings, and major events in a story (Gr 1)|secondary|The song introduces characters (e.g., the Duke, Jenny Jones, Old Roger) and settings that children can identify and discuss. Use as a circle-time activity where children name who is in the song and what happens, building foundational story analysis skills.
222|Where are the Stars|Stories & Rhymes|70|Literacy & Phonics|Describe people, places, things, and events with relevant details (Gr 1)|secondary|Children can describe the characters and places mentioned in the rhyme with increasing detail. After singing, encourage children to add their own descriptive words about the song's characters, building oral language and vocabulary.
228|Everybody's Sleeping|Stories & Rhymes|184|Literacy & Phonics|Retell a familiar story with key details, in sequence (Gr 1)|primary|This traditional nursery rhyme tells a simple narrative that children can learn to retell in sequence. The rhyming pattern and repetitive structure support memory and story comprehension. Teachers can use picture cards to help children sequence events and retell the rhyme in their own words.
228|Everybody's Sleeping|Stories & Rhymes|185|Literacy & Phonics|Identify characters, settings, and major events in a story (Gr 1)|secondary|The song introduces characters (e.g., the Duke, Jenny Jones, Old Roger) and settings that children can identify and discuss. Use as a circle-time activity where children name who is in the song and what happens, building foundational story analysis skills.
228|Everybody's Sleeping|Stories & Rhymes|70|Literacy & Phonics|Describe people, places, things, and events with relevant details (Gr 1)|secondary|Children can describe the characters and places mentioned in the rhyme with increasing detail. After singing, encourage children to add their own descriptive words about the song's characters, building oral language and vocabulary.
228|Everybody's Sleeping|Stories & Rhymes|209|Classroom Routine|Transitioning between activities/subjects (Gr 1-2)|secondary|This gentle rhyme creates a calm transition signal, helping children move from active play to quiet time. The soothing rhythm signals the brain to wind down. Use as the consistent cue for rest time or after-lunch settling.
228|Everybody's Sleeping|Stories & Rhymes|213|Classroom Routine|Clean-up and end-of-day routine (Gr 1-2)|secondary|The calm, repetitive nature of this lullaby-like rhyme supports end-of-day winding down. Sing softly while children tidy their spaces and prepare to go home, creating a predictable and soothing closing routine.
249|Here is The Little Boy|Stories & Rhymes|184|Literacy & Phonics|Retell a familiar story with key details, in sequence (Gr 1)|primary|This traditional nursery rhyme tells a simple story that children can learn to retell with key details. The predictable pattern and rhyming structure support memory and comprehension. Use during shared reading or circle time, having children join in on repeated phrases.
249|Here is The Little Boy|Stories & Rhymes|70|Literacy & Phonics|Describe people, places, things, and events with relevant details (Gr 1)|secondary|Children can describe the characters, actions, and settings from this rhyme using relevant details from the lyrics. After singing, invite children to add their own descriptive words or draw a picture of what happens in the song.
290|Higglety Pigglety Pop|Stories & Rhymes|184|Literacy & Phonics|Retell a familiar story with key details, in sequence (Gr 1)|primary|This traditional nursery rhyme tells a simple narrative that children can learn to retell in sequence. The rhyming pattern and repetitive structure support memory and story comprehension. Teachers can use picture cards to help children sequence events and retell the rhyme in their own words.
290|Higglety Pigglety Pop|Stories & Rhymes|185|Literacy & Phonics|Identify characters, settings, and major events in a story (Gr 1)|secondary|The song introduces characters (e.g., the Duke, Jenny Jones, Old Roger) and settings that children can identify and discuss. Use as a circle-time activity where children name who is in the song and what happens, building foundational story analysis skills.
290|Higglety Pigglety Pop|Stories & Rhymes|70|Literacy & Phonics|Describe people, places, things, and events with relevant details (Gr 1)|secondary|Children can describe the characters and places mentioned in the rhyme with increasing detail. After singing, encourage children to add their own descriptive words about the song's characters, building oral language and vocabulary.
302|May we Soar Like Eagles|Stories & Rhymes|184|Literacy & Phonics|Retell a familiar story with key details, in sequence (Gr 1)|primary|This traditional nursery rhyme tells a simple narrative that children can learn to retell in sequence. The rhyming pattern and repetitive structure support memory and story comprehension. Teachers can use picture cards to help children sequence events and retell the rhyme in their own words.
302|May we Soar Like Eagles|Stories & Rhymes|185|Literacy & Phonics|Identify characters, settings, and major events in a story (Gr 1)|secondary|The song introduces characters (e.g., the Duke, Jenny Jones, Old Roger) and settings that children can identify and discuss. Use as a circle-time activity where children name who is in the song and what happens, building foundational story analysis skills.
302|May we Soar Like Eagles|Stories & Rhymes|70|Literacy & Phonics|Describe people, places, things, and events with relevant details (Gr 1)|secondary|Children can describe the characters and places mentioned in the rhyme with increasing detail. After singing, encourage children to add their own descriptive words about the song's characters, building oral language and vocabulary.
302|May we Soar Like Eagles|Stories & Rhymes|260|SEL|Setting and working toward a simple personal goal (Gr 1-2)|secondary|This aspirational song encourages children to dream and set goals. The soaring imagery provides a metaphor for growth and achievement. Use during goal-setting discussions to inspire children to identify something they want to get better at.
306|Wee Willie Winkie|Stories & Rhymes|185|Literacy & Phonics|Identify characters, settings, and major events in a story (Gr 1)|primary|"""Wee Willie Winkie"" is a classic nursery rhyme with a clear character (the town crier), setting (the town at night), and sequence of events (running through town, checking on children). Children can identify who the character is and what they do. Use for story-element identification during literacy circles."
306|Wee Willie Winkie|Stories & Rhymes|209|Classroom Routine|Transitioning between activities/subjects (Gr 1-2)|secondary|The nighttime theme of this rhyme makes it a natural transition signal for winding down. Sing softly to signal the transition from active learning to quiet or rest time, helping children recognize and follow the change in activity.
307|Shiloh|Stories & Rhymes|258|SEL|Identifying and naming a range of emotions (Gr 1-2)|primary|This gentle, melodic song evokes feelings of peace and calm. Children can identify the emotion the song creates in their bodies and name it (peaceful, calm, sleepy). Use during mindfulness moments or after active play to help children recognize their emotional state.
307|Shiloh|Stories & Rhymes|213|Classroom Routine|Clean-up and end-of-day routine (Gr 1-2)|secondary|The soothing quality of this song makes it an excellent end-of-day transition piece. Play or sing softly while children tidy their workspaces, creating a calm, predictable closing routine that signals the school day is ending.
311|I Like to Rise|Stories & Rhymes|184|Literacy & Phonics|Retell a familiar story with key details, in sequence (Gr 1)|primary|This traditional nursery rhyme tells a simple story that children can learn to retell with key details. The predictable pattern and rhyming structure support memory and comprehension. Use during shared reading or circle time, having children join in on repeated phrases.
311|I Like to Rise|Stories & Rhymes|70|Literacy & Phonics|Describe people, places, things, and events with relevant details (Gr 1)|secondary|Children can describe the characters, actions, and settings from this rhyme using relevant details from the lyrics. After singing, invite children to add their own descriptive words or draw a picture of what happens in the song.
314|Jack's House|Stories & Rhymes|184|Literacy & Phonics|Retell a familiar story with key details, in sequence (Gr 1)|primary|This traditional nursery rhyme tells a simple narrative that children can learn to retell in sequence. The rhyming pattern and repetitive structure support memory and story comprehension. Teachers can use picture cards to help children sequence events and retell the rhyme in their own words.
314|Jack's House|Stories & Rhymes|185|Literacy & Phonics|Identify characters, settings, and major events in a story (Gr 1)|secondary|The song introduces characters (e.g., the Duke, Jenny Jones, Old Roger) and settings that children can identify and discuss. Use as a circle-time activity where children name who is in the song and what happens, building foundational story analysis skills.
314|Jack's House|Stories & Rhymes|70|Literacy & Phonics|Describe people, places, things, and events with relevant details (Gr 1)|secondary|Children can describe the characters and places mentioned in the rhyme with increasing detail. After singing, encourage children to add their own descriptive words about the song's characters, building oral language and vocabulary.
321|Raise Up Your Tiny Windows|Stories & Rhymes|184|Literacy & Phonics|Retell a familiar story with key details, in sequence (Gr 1)|primary|This traditional nursery rhyme tells a simple narrative that children can learn to retell in sequence. The rhyming pattern and repetitive structure support memory and story comprehension. Teachers can use picture cards to help children sequence events and retell the rhyme in their own words.
321|Raise Up Your Tiny Windows|Stories & Rhymes|185|Literacy & Phonics|Identify characters, settings, and major events in a story (Gr 1)|secondary|The song introduces characters (e.g., the Duke, Jenny Jones, Old Roger) and settings that children can identify and discuss. Use as a circle-time activity where children name who is in the song and what happens, building foundational story analysis skills.
321|Raise Up Your Tiny Windows|Stories & Rhymes|70|Literacy & Phonics|Describe people, places, things, and events with relevant details (Gr 1)|secondary|Children can describe the characters and places mentioned in the rhyme with increasing detail. After singing, encourage children to add their own descriptive words about the song's characters, building oral language and vocabulary.
327|Heigh Ho Halloweens Here|Stories & Rhymes|184|Literacy & Phonics|Retell a familiar story with key details, in sequence (Gr 1)|primary|This traditional nursery rhyme tells a simple story that children can learn to retell with key details. The predictable pattern and rhyming structure support memory and comprehension. Use during shared reading or circle time, having children join in on repeated phrases.
327|Heigh Ho Halloweens Here|Stories & Rhymes|70|Literacy & Phonics|Describe people, places, things, and events with relevant details (Gr 1)|secondary|Children can describe the characters, actions, and settings from this rhyme using relevant details from the lyrics. After singing, invite children to add their own descriptive words or draw a picture of what happens in the song.
335|A Smooth Rd to London Town|Stories & Rhymes|184|Literacy & Phonics|Retell a familiar story with key details, in sequence (Gr 1)|primary|This traditional nursery rhyme tells a simple story that children can learn to retell with key details. The predictable pattern and rhyming structure support memory and comprehension. Use during shared reading or circle time, having children join in on repeated phrases.
335|A Smooth Rd to London Town|Stories & Rhymes|70|Literacy & Phonics|Describe people, places, things, and events with relevant details (Gr 1)|secondary|Children can describe the characters, actions, and settings from this rhyme using relevant details from the lyrics. After singing, invite children to add their own descriptive words or draw a picture of what happens in the song.
336|Tall Trees|Stories & Rhymes|184|Literacy & Phonics|Retell a familiar story with key details, in sequence (Gr 1)|primary|This traditional nursery rhyme tells a simple narrative that children can learn to retell in sequence. The rhyming pattern and repetitive structure support memory and story comprehension. Teachers can use picture cards to help children sequence events and retell the rhyme in their own words.
336|Tall Trees|Stories & Rhymes|185|Literacy & Phonics|Identify characters, settings, and major events in a story (Gr 1)|secondary|The song introduces characters (e.g., the Duke, Jenny Jones, Old Roger) and settings that children can identify and discuss. Use as a circle-time activity where children name who is in the song and what happens, building foundational story analysis skills.
336|Tall Trees|Stories & Rhymes|70|Literacy & Phonics|Describe people, places, things, and events with relevant details (Gr 1)|secondary|Children can describe the characters and places mentioned in the rhyme with increasing detail. After singing, encourage children to add their own descriptive words about the song's characters, building oral language and vocabulary.
363|Thanks A Lot|Stories & Rhymes|258|SEL|Identifying and naming a range of emotions (Gr 1-2)|primary|This gratitude-themed song helps children identify and express positive emotions like thankfulness and appreciation. Children learn to name what they are grateful for, building emotional vocabulary and positive classroom culture. Use during morning meeting as a gratitude-sharing prompt.
363|Thanks A Lot|Stories & Rhymes|262|SEL|Communicating clearly and listening actively (Gr 1-2)|secondary|Singing about gratitude provides a natural framework for children to practice expressing appreciation to peers. Extend by having children thank a classmate for something specific, building communication and positive peer relationships.
413|It's a Beautiful Day / C’est une belle journée|Stories & Rhymes|184|Literacy & Phonics|Retell a familiar story with key details, in sequence (Gr 1)|primary|This traditional nursery rhyme tells a simple story that children can learn to retell with key details. The predictable pattern and rhyming structure support memory and comprehension. Use during shared reading or circle time, having children join in on repeated phrases.
413|It's a Beautiful Day / C’est une belle journée|Stories & Rhymes|70|Literacy & Phonics|Describe people, places, things, and events with relevant details (Gr 1)|secondary|Children can describe the characters, actions, and settings from this rhyme using relevant details from the lyrics. After singing, invite children to add their own descriptive words or draw a picture of what happens in the song.
423|You Can Shake|Stories & Rhymes|184|Literacy & Phonics|Retell a familiar story with key details, in sequence (Gr 1)|primary|This traditional nursery rhyme tells a simple story that children can learn to retell with key details. The predictable pattern and rhyming structure support memory and comprehension. Use during shared reading or circle time, having children join in on repeated phrases.
423|You Can Shake|Stories & Rhymes|70|Literacy & Phonics|Describe people, places, things, and events with relevant details (Gr 1)|secondary|Children can describe the characters, actions, and settings from this rhyme using relevant details from the lyrics. After singing, invite children to add their own descriptive words or draw a picture of what happens in the song.
428|Dans la forȇt lointaine|Stories & Rhymes|184|Literacy & Phonics|Retell a familiar story with key details, in sequence (Gr 1)|primary|This traditional nursery rhyme tells a simple narrative that children can learn to retell in sequence. The rhyming pattern and repetitive structure support memory and story comprehension. Teachers can use picture cards to help children sequence events and retell the rhyme in their own words.
428|Dans la forȇt lointaine|Stories & Rhymes|185|Literacy & Phonics|Identify characters, settings, and major events in a story (Gr 1)|secondary|The song introduces characters (e.g., the Duke, Jenny Jones, Old Roger) and settings that children can identify and discuss. Use as a circle-time activity where children name who is in the song and what happens, building foundational story analysis skills.
428|Dans la forȇt lointaine|Stories & Rhymes|70|Literacy & Phonics|Describe people, places, things, and events with relevant details (Gr 1)|secondary|Children can describe the characters and places mentioned in the rhyme with increasing detail. After singing, encourage children to add their own descriptive words about the song's characters, building oral language and vocabulary.
428|Dans la forȇt lointaine|Stories & Rhymes|223|Language & Vocabulary|Participate in collaborative conversations (Gr 1)|primary|This French-language rhyme introduces children to a new language through song, building cross-cultural and linguistic awareness. The repetitive structure supports vocabulary acquisition. Use as a fun exposure activity during cultural exploration or French language introduction.
428|Dans la forȇt lointaine|Stories & Rhymes|226|Language & Vocabulary|Describe people, places, things, events (Gr 1)|secondary|The French vocabulary in this song (animals, body parts, actions) gives children new words to describe the world. Teachers can point to visuals while singing to build comprehension and encourage children to describe what they see in either language.
432|Button it Up / J’ai des mitaines|Stories & Rhymes|216|Fine Motor Skills|Using tools: glue, scissors, rulers|secondary|This fingerplay song involves fine motor movements of the hands and fingers. Children practice pincer grasp, finger isolation, and hand-eye coordination as they act out the lyrics. Use as a warm-up before writing activities or as a transition activity to settle hands.
432|Button it Up / J’ai des mitaines|Stories & Rhymes|217|Fine Motor Skills|Drawing with increasing detail and control|secondary|The precise finger movements in this song help build the fine motor control needed for detailed drawing. Teachers can extend the activity by having children draw the character or object from the rhyme afterward.
436|Raise Up Your Tiny Windows (Miss Sue)|Stories & Rhymes|184|Literacy & Phonics|Retell a familiar story with key details, in sequence (Gr 1)|primary|This traditional nursery rhyme tells a simple narrative that children can learn to retell in sequence. The rhyming pattern and repetitive structure support memory and story comprehension. Teachers can use picture cards to help children sequence events and retell the rhyme in their own words.
436|Raise Up Your Tiny Windows (Miss Sue)|Stories & Rhymes|185|Literacy & Phonics|Identify characters, settings, and major events in a story (Gr 1)|secondary|The song introduces characters (e.g., the Duke, Jenny Jones, Old Roger) and settings that children can identify and discuss. Use as a circle-time activity where children name who is in the song and what happens, building foundational story analysis skills.
436|Raise Up Your Tiny Windows (Miss Sue)|Stories & Rhymes|70|Literacy & Phonics|Describe people, places, things, and events with relevant details (Gr 1)|secondary|Children can describe the characters and places mentioned in the rhyme with increasing detail. After singing, encourage children to add their own descriptive words about the song's characters, building oral language and vocabulary.
437|Paw Paw Patch|Stories & Rhymes|184|Literacy & Phonics|Retell a familiar story with key details, in sequence (Gr 1)|primary|This traditional nursery rhyme tells a simple narrative that children can learn to retell in sequence. The rhyming pattern and repetitive structure support memory and story comprehension. Teachers can use picture cards to help children sequence events and retell the rhyme in their own words.
437|Paw Paw Patch|Stories & Rhymes|185|Literacy & Phonics|Identify characters, settings, and major events in a story (Gr 1)|secondary|The song introduces characters (e.g., the Duke, Jenny Jones, Old Roger) and settings that children can identify and discuss. Use as a circle-time activity where children name who is in the song and what happens, building foundational story analysis skills.
437|Paw Paw Patch|Stories & Rhymes|70|Literacy & Phonics|Describe people, places, things, and events with relevant details (Gr 1)|secondary|Children can describe the characters and places mentioned in the rhyme with increasing detail. After singing, encourage children to add their own descriptive words about the song's characters, building oral language and vocabulary.
438|Hunt The Cows|Stories & Rhymes|184|Literacy & Phonics|Retell a familiar story with key details, in sequence (Gr 1)|primary|This traditional nursery rhyme tells a simple narrative that children can learn to retell in sequence. The rhyming pattern and repetitive structure support memory and story comprehension. Teachers can use picture cards to help children sequence events and retell the rhyme in their own words.
438|Hunt The Cows|Stories & Rhymes|185|Literacy & Phonics|Identify characters, settings, and major events in a story (Gr 1)|secondary|The song introduces characters (e.g., the Duke, Jenny Jones, Old Roger) and settings that children can identify and discuss. Use as a circle-time activity where children name who is in the song and what happens, building foundational story analysis skills.
438|Hunt The Cows|Stories & Rhymes|70|Literacy & Phonics|Describe people, places, things, and events with relevant details (Gr 1)|secondary|Children can describe the characters and places mentioned in the rhyme with increasing detail. After singing, encourage children to add their own descriptive words about the song's characters, building oral language and vocabulary.
439|Little Johnny Brown|Stories & Rhymes|184|Literacy & Phonics|Retell a familiar story with key details, in sequence (Gr 1)|primary|This traditional nursery rhyme tells a simple narrative that children can learn to retell in sequence. The rhyming pattern and repetitive structure support memory and story comprehension. Teachers can use picture cards to help children sequence events and retell the rhyme in their own words.
439|Little Johnny Brown|Stories & Rhymes|185|Literacy & Phonics|Identify characters, settings, and major events in a story (Gr 1)|secondary|The song introduces characters (e.g., the Duke, Jenny Jones, Old Roger) and settings that children can identify and discuss. Use as a circle-time activity where children name who is in the song and what happens, building foundational story analysis skills.
439|Little Johnny Brown|Stories & Rhymes|70|Literacy & Phonics|Describe people, places, things, and events with relevant details (Gr 1)|secondary|Children can describe the characters and places mentioned in the rhyme with increasing detail. After singing, encourage children to add their own descriptive words about the song's characters, building oral language and vocabulary.
440|Soloman Levi|Stories & Rhymes|184|Literacy & Phonics|Retell a familiar story with key details, in sequence (Gr 1)|primary|This traditional nursery rhyme tells a simple narrative that children can learn to retell in sequence. The rhyming pattern and repetitive structure support memory and story comprehension. Teachers can use picture cards to help children sequence events and retell the rhyme in their own words.
440|Soloman Levi|Stories & Rhymes|185|Literacy & Phonics|Identify characters, settings, and major events in a story (Gr 1)|secondary|The song introduces characters (e.g., the Duke, Jenny Jones, Old Roger) and settings that children can identify and discuss. Use as a circle-time activity where children name who is in the song and what happens, building foundational story analysis skills.
440|Soloman Levi|Stories & Rhymes|70|Literacy & Phonics|Describe people, places, things, and events with relevant details (Gr 1)|secondary|Children can describe the characters and places mentioned in the rhyme with increasing detail. After singing, encourage children to add their own descriptive words about the song's characters, building oral language and vocabulary.
441|Jenny Jones|Stories & Rhymes|184|Literacy & Phonics|Retell a familiar story with key details, in sequence (Gr 1)|primary|This traditional nursery rhyme tells a simple narrative that children can learn to retell in sequence. The rhyming pattern and repetitive structure support memory and story comprehension. Teachers can use picture cards to help children sequence events and retell the rhyme in their own words.
441|Jenny Jones|Stories & Rhymes|185|Literacy & Phonics|Identify characters, settings, and major events in a story (Gr 1)|secondary|The song introduces characters (e.g., the Duke, Jenny Jones, Old Roger) and settings that children can identify and discuss. Use as a circle-time activity where children name who is in the song and what happens, building foundational story analysis skills.
441|Jenny Jones|Stories & Rhymes|70|Literacy & Phonics|Describe people, places, things, and events with relevant details (Gr 1)|secondary|Children can describe the characters and places mentioned in the rhyme with increasing detail. After singing, encourage children to add their own descriptive words about the song's characters, building oral language and vocabulary.
441|Jenny Jones|Stories & Rhymes|11|Math & Numeracy|Count to 50 starting at any number (Gr 1)|primary|This counting rhyme helps children practice rote counting and number sequencing. The repetitive numerical pattern builds number sense and one-to-one correspondence. Sing while children hold up fingers or count on their bodies - perfect for a morning meeting math warm-up.
441|Jenny Jones|Stories & Rhymes|1|Math & Numeracy|Represent and solve addition & subtraction word problems within 20 (Gr 1)|secondary|"The counting pattern in this song can be extended into simple addition and subtraction problems (e.g., ""5 little pumpkins sitting on a gate... one rolled away, how many left?""). Teachers can pause during the song to ask ""how many now?"" questions."
442|Sasha|Stories & Rhymes|184|Literacy & Phonics|Retell a familiar story with key details, in sequence (Gr 1)|primary|This traditional nursery rhyme tells a simple narrative that children can learn to retell in sequence. The rhyming pattern and repetitive structure support memory and story comprehension. Teachers can use picture cards to help children sequence events and retell the rhyme in their own words.
442|Sasha|Stories & Rhymes|185|Literacy & Phonics|Identify characters, settings, and major events in a story (Gr 1)|secondary|The song introduces characters (e.g., the Duke, Jenny Jones, Old Roger) and settings that children can identify and discuss. Use as a circle-time activity where children name who is in the song and what happens, building foundational story analysis skills.
442|Sasha|Stories & Rhymes|70|Literacy & Phonics|Describe people, places, things, and events with relevant details (Gr 1)|secondary|Children can describe the characters and places mentioned in the rhyme with increasing detail. After singing, encourage children to add their own descriptive words about the song's characters, building oral language and vocabulary.
443|Princess|Stories & Rhymes|184|Literacy & Phonics|Retell a familiar story with key details, in sequence (Gr 1)|primary|This traditional nursery rhyme tells a simple narrative that children can learn to retell in sequence. The rhyming pattern and repetitive structure support memory and story comprehension. Teachers can use picture cards to help children sequence events and retell the rhyme in their own words.
443|Princess|Stories & Rhymes|185|Literacy & Phonics|Identify characters, settings, and major events in a story (Gr 1)|secondary|The song introduces characters (e.g., the Duke, Jenny Jones, Old Roger) and settings that children can identify and discuss. Use as a circle-time activity where children name who is in the song and what happens, building foundational story analysis skills.
443|Princess|Stories & Rhymes|70|Literacy & Phonics|Describe people, places, things, and events with relevant details (Gr 1)|secondary|Children can describe the characters and places mentioned in the rhyme with increasing detail. After singing, encourage children to add their own descriptive words about the song's characters, building oral language and vocabulary.
445|Way Down Yonder in the Brickyard|Stories & Rhymes|184|Literacy & Phonics|Retell a familiar story with key details, in sequence (Gr 1)|primary|This traditional nursery rhyme tells a simple story that children can learn to retell with key details. The predictable pattern and rhyming structure support memory and comprehension. Use during shared reading or circle time, having children join in on repeated phrases.
445|Way Down Yonder in the Brickyard|Stories & Rhymes|70|Literacy & Phonics|Describe people, places, things, and events with relevant details (Gr 1)|secondary|Children can describe the characters, actions, and settings from this rhyme using relevant details from the lyrics. After singing, invite children to add their own descriptive words or draw a picture of what happens in the song.
449|Chee chee chaw|Stories & Rhymes|184|Literacy & Phonics|Retell a familiar story with key details, in sequence (Gr 1)|primary|This traditional nursery rhyme tells a simple story that children can learn to retell with key details. The predictable pattern and rhyming structure support memory and comprehension. Use during shared reading or circle time, having children join in on repeated phrases.
449|Chee chee chaw|Stories & Rhymes|70|Literacy & Phonics|Describe people, places, things, and events with relevant details (Gr 1)|secondary|Children can describe the characters, actions, and settings from this rhyme using relevant details from the lyrics. After singing, invite children to add their own descriptive words or draw a picture of what happens in the song.
450|Old Roger|Stories & Rhymes|184|Literacy & Phonics|Retell a familiar story with key details, in sequence (Gr 1)|primary|This traditional nursery rhyme tells a simple narrative that children can learn to retell in sequence. The rhyming pattern and repetitive structure support memory and story comprehension. Teachers can use picture cards to help children sequence events and retell the rhyme in their own words.
450|Old Roger|Stories & Rhymes|185|Literacy & Phonics|Identify characters, settings, and major events in a story (Gr 1)|secondary|The song introduces characters (e.g., the Duke, Jenny Jones, Old Roger) and settings that children can identify and discuss. Use as a circle-time activity where children name who is in the song and what happens, building foundational story analysis skills.
450|Old Roger|Stories & Rhymes|70|Literacy & Phonics|Describe people, places, things, and events with relevant details (Gr 1)|secondary|Children can describe the characters and places mentioned in the rhyme with increasing detail. After singing, encourage children to add their own descriptive words about the song's characters, building oral language and vocabulary.
451|Going to Boston|Stories & Rhymes|184|Literacy & Phonics|Retell a familiar story with key details, in sequence (Gr 1)|primary|This traditional nursery rhyme tells a simple story that children can learn to retell with key details. The predictable pattern and rhyming structure support memory and comprehension. Use during shared reading or circle time, having children join in on repeated phrases.
451|Going to Boston|Stories & Rhymes|70|Literacy & Phonics|Describe people, places, things, and events with relevant details (Gr 1)|secondary|Children can describe the characters, actions, and settings from this rhyme using relevant details from the lyrics. After singing, invite children to add their own descriptive words or draw a picture of what happens in the song.
455|The Most Glorious Day|Stories & Rhymes|260|SEL|Setting and working toward a simple personal goal (Gr 1-2)|secondary|This aspirational song encourages children to dream and set goals. The soaring imagery provides a metaphor for growth and achievement. Use during goal-setting discussions to inspire children to identify something they want to get better at.
456|I Like to Rise|Stories & Rhymes|184|Literacy & Phonics|Retell a familiar story with key details, in sequence (Gr 1)|primary|This traditional nursery rhyme tells a simple story that children can learn to retell with key details. The predictable pattern and rhyming structure support memory and comprehension. Use during shared reading or circle time, having children join in on repeated phrases.
456|I Like to Rise|Stories & Rhymes|70|Literacy & Phonics|Describe people, places, things, and events with relevant details (Gr 1)|secondary|Children can describe the characters, actions, and settings from this rhyme using relevant details from the lyrics. After singing, invite children to add their own descriptive words or draw a picture of what happens in the song.
459|Jack's House|Stories & Rhymes|184|Literacy & Phonics|Retell a familiar story with key details, in sequence (Gr 1)|primary|This traditional nursery rhyme tells a simple narrative that children can learn to retell in sequence. The rhyming pattern and repetitive structure support memory and story comprehension. Teachers can use picture cards to help children sequence events and retell the rhyme in their own words.
459|Jack's House|Stories & Rhymes|185|Literacy & Phonics|Identify characters, settings, and major events in a story (Gr 1)|secondary|The song introduces characters (e.g., the Duke, Jenny Jones, Old Roger) and settings that children can identify and discuss. Use as a circle-time activity where children name who is in the song and what happens, building foundational story analysis skills.
459|Jack's House|Stories & Rhymes|70|Literacy & Phonics|Describe people, places, things, and events with relevant details (Gr 1)|secondary|Children can describe the characters and places mentioned in the rhyme with increasing detail. After singing, encourage children to add their own descriptive words about the song's characters, building oral language and vocabulary.
466|Raise Up Your Tiny Windows|Stories & Rhymes|184|Literacy & Phonics|Retell a familiar story with key details, in sequence (Gr 1)|primary|This traditional nursery rhyme tells a simple narrative that children can learn to retell in sequence. The rhyming pattern and repetitive structure support memory and story comprehension. Teachers can use picture cards to help children sequence events and retell the rhyme in their own words.
466|Raise Up Your Tiny Windows|Stories & Rhymes|185|Literacy & Phonics|Identify characters, settings, and major events in a story (Gr 1)|secondary|The song introduces characters (e.g., the Duke, Jenny Jones, Old Roger) and settings that children can identify and discuss. Use as a circle-time activity where children name who is in the song and what happens, building foundational story analysis skills.
466|Raise Up Your Tiny Windows|Stories & Rhymes|70|Literacy & Phonics|Describe people, places, things, and events with relevant details (Gr 1)|secondary|Children can describe the characters and places mentioned in the rhyme with increasing detail. After singing, encourage children to add their own descriptive words about the song's characters, building oral language and vocabulary.
469|Snowflakes|Stories & Rhymes|184|Literacy & Phonics|Retell a familiar story with key details, in sequence (Gr 1)|primary|This traditional nursery rhyme tells a simple story that children can learn to retell with key details. The predictable pattern and rhyming structure support memory and comprehension. Use during shared reading or circle time, having children join in on repeated phrases.
469|Snowflakes|Stories & Rhymes|70|Literacy & Phonics|Describe people, places, things, and events with relevant details (Gr 1)|secondary|Children can describe the characters, actions, and settings from this rhyme using relevant details from the lyrics. After singing, invite children to add their own descriptive words or draw a picture of what happens in the song.
472|Heigh Ho Halloweens Here|Stories & Rhymes|184|Literacy & Phonics|Retell a familiar story with key details, in sequence (Gr 1)|primary|This traditional nursery rhyme tells a simple story that children can learn to retell with key details. The predictable pattern and rhyming structure support memory and comprehension. Use during shared reading or circle time, having children join in on repeated phrases.
472|Heigh Ho Halloweens Here|Stories & Rhymes|70|Literacy & Phonics|Describe people, places, things, and events with relevant details (Gr 1)|secondary|Children can describe the characters, actions, and settings from this rhyme using relevant details from the lyrics. After singing, invite children to add their own descriptive words or draw a picture of what happens in the song.
475|What will we Do|Stories & Rhymes|184|Literacy & Phonics|Retell a familiar story with key details, in sequence (Gr 1)|primary|This traditional nursery rhyme tells a simple story that children can learn to retell with key details. The predictable pattern and rhyming structure support memory and comprehension. Use during shared reading or circle time, having children join in on repeated phrases.
475|What will we Do|Stories & Rhymes|70|Literacy & Phonics|Describe people, places, things, and events with relevant details (Gr 1)|secondary|Children can describe the characters, actions, and settings from this rhyme using relevant details from the lyrics. After singing, invite children to add their own descriptive words or draw a picture of what happens in the song.
479|It's a Beautiful Day / C’est une belle journée|Stories & Rhymes|184|Literacy & Phonics|Retell a familiar story with key details, in sequence (Gr 1)|primary|This traditional nursery rhyme tells a simple story that children can learn to retell with key details. The predictable pattern and rhyming structure support memory and comprehension. Use during shared reading or circle time, having children join in on repeated phrases.
479|It's a Beautiful Day / C’est une belle journée|Stories & Rhymes|70|Literacy & Phonics|Describe people, places, things, and events with relevant details (Gr 1)|secondary|Children can describe the characters, actions, and settings from this rhyme using relevant details from the lyrics. After singing, invite children to add their own descriptive words or draw a picture of what happens in the song.
485|Jean Petit qui danse|Stories & Rhymes|184|Literacy & Phonics|Retell a familiar story with key details, in sequence (Gr 1)|primary|This traditional nursery rhyme tells a simple narrative that children can learn to retell in sequence. The rhyming pattern and repetitive structure support memory and story comprehension. Teachers can use picture cards to help children sequence events and retell the rhyme in their own words.
485|Jean Petit qui danse|Stories & Rhymes|185|Literacy & Phonics|Identify characters, settings, and major events in a story (Gr 1)|secondary|The song introduces characters (e.g., the Duke, Jenny Jones, Old Roger) and settings that children can identify and discuss. Use as a circle-time activity where children name who is in the song and what happens, building foundational story analysis skills.
485|Jean Petit qui danse|Stories & Rhymes|70|Literacy & Phonics|Describe people, places, things, and events with relevant details (Gr 1)|secondary|Children can describe the characters and places mentioned in the rhyme with increasing detail. After singing, encourage children to add their own descriptive words about the song's characters, building oral language and vocabulary.
485|Jean Petit qui danse|Stories & Rhymes|223|Language & Vocabulary|Participate in collaborative conversations (Gr 1)|primary|This French-language rhyme introduces children to a new language through song, building cross-cultural and linguistic awareness. The repetitive structure supports vocabulary acquisition. Use as a fun exposure activity during cultural exploration or French language introduction.
485|Jean Petit qui danse|Stories & Rhymes|226|Language & Vocabulary|Describe people, places, things, events (Gr 1)|secondary|The French vocabulary in this song (animals, body parts, actions) gives children new words to describe the world. Teachers can point to visuals while singing to build comprehension and encourage children to describe what they see in either language.
489|You Can Shake|Stories & Rhymes|184|Literacy & Phonics|Retell a familiar story with key details, in sequence (Gr 1)|primary|This traditional nursery rhyme tells a simple story that children can learn to retell with key details. The predictable pattern and rhyming structure support memory and comprehension. Use during shared reading or circle time, having children join in on repeated phrases.
489|You Can Shake|Stories & Rhymes|70|Literacy & Phonics|Describe people, places, things, and events with relevant details (Gr 1)|secondary|Children can describe the characters, actions, and settings from this rhyme using relevant details from the lyrics. After singing, invite children to add their own descriptive words or draw a picture of what happens in the song.
494|Dans la forȇt lointaine|Stories & Rhymes|184|Literacy & Phonics|Retell a familiar story with key details, in sequence (Gr 1)|primary|This traditional nursery rhyme tells a simple narrative that children can learn to retell in sequence. The rhyming pattern and repetitive structure support memory and story comprehension. Teachers can use picture cards to help children sequence events and retell the rhyme in their own words.
494|Dans la forȇt lointaine|Stories & Rhymes|185|Literacy & Phonics|Identify characters, settings, and major events in a story (Gr 1)|secondary|The song introduces characters (e.g., the Duke, Jenny Jones, Old Roger) and settings that children can identify and discuss. Use as a circle-time activity where children name who is in the song and what happens, building foundational story analysis skills.
494|Dans la forȇt lointaine|Stories & Rhymes|70|Literacy & Phonics|Describe people, places, things, and events with relevant details (Gr 1)|secondary|Children can describe the characters and places mentioned in the rhyme with increasing detail. After singing, encourage children to add their own descriptive words about the song's characters, building oral language and vocabulary.
494|Dans la forȇt lointaine|Stories & Rhymes|223|Language & Vocabulary|Participate in collaborative conversations (Gr 1)|primary|This French-language rhyme introduces children to a new language through song, building cross-cultural and linguistic awareness. The repetitive structure supports vocabulary acquisition. Use as a fun exposure activity during cultural exploration or French language introduction.
494|Dans la forȇt lointaine|Stories & Rhymes|226|Language & Vocabulary|Describe people, places, things, events (Gr 1)|secondary|The French vocabulary in this song (animals, body parts, actions) gives children new words to describe the world. Teachers can point to visuals while singing to build comprehension and encourage children to describe what they see in either language.
497|Michaud|Stories & Rhymes|223|Language & Vocabulary|Participate in collaborative conversations (Gr 1)|primary|This French-language rhyme introduces children to a new language through song, building cross-cultural and linguistic awareness. The repetitive structure supports vocabulary acquisition. Use as a fun exposure activity during cultural exploration or French language introduction.
497|Michaud|Stories & Rhymes|226|Language & Vocabulary|Describe people, places, things, events (Gr 1)|secondary|The French vocabulary in this song (animals, body parts, actions) gives children new words to describe the world. Teachers can point to visuals while singing to build comprehension and encourage children to describe what they see in either language.
498|Button it Up / J’ai des mitaines|Stories & Rhymes|216|Fine Motor Skills|Using tools: glue, scissors, rulers|secondary|This fingerplay song involves fine motor movements of the hands and fingers. Children practice pincer grasp, finger isolation, and hand-eye coordination as they act out the lyrics. Use as a warm-up before writing activities or as a transition activity to settle hands.
498|Button it Up / J’ai des mitaines|Stories & Rhymes|217|Fine Motor Skills|Drawing with increasing detail and control|secondary|The precise finger movements in this song help build the fine motor control needed for detailed drawing. Teachers can extend the activity by having children draw the character or object from the rhyme afterward.
500|The Most Glorious Day|Stories & Rhymes|260|SEL|Setting and working toward a simple personal goal (Gr 1-2)|secondary|This aspirational song encourages children to dream and set goals. The soaring imagery provides a metaphor for growth and achievement. Use during goal-setting discussions to inspire children to identify something they want to get better at.
501|I Like to Rise|Stories & Rhymes|184|Literacy & Phonics|Retell a familiar story with key details, in sequence (Gr 1)|primary|This traditional nursery rhyme tells a simple story that children can learn to retell with key details. The predictable pattern and rhyming structure support memory and comprehension. Use during shared reading or circle time, having children join in on repeated phrases.
501|I Like to Rise|Stories & Rhymes|70|Literacy & Phonics|Describe people, places, things, and events with relevant details (Gr 1)|secondary|Children can describe the characters, actions, and settings from this rhyme using relevant details from the lyrics. After singing, invite children to add their own descriptive words or draw a picture of what happens in the song.
504|Jack's House|Stories & Rhymes|184|Literacy & Phonics|Retell a familiar story with key details, in sequence (Gr 1)|primary|This traditional nursery rhyme tells a simple narrative that children can learn to retell in sequence. The rhyming pattern and repetitive structure support memory and story comprehension. Teachers can use picture cards to help children sequence events and retell the rhyme in their own words.
504|Jack's House|Stories & Rhymes|185|Literacy & Phonics|Identify characters, settings, and major events in a story (Gr 1)|secondary|The song introduces characters (e.g., the Duke, Jenny Jones, Old Roger) and settings that children can identify and discuss. Use as a circle-time activity where children name who is in the song and what happens, building foundational story analysis skills.
504|Jack's House|Stories & Rhymes|70|Literacy & Phonics|Describe people, places, things, and events with relevant details (Gr 1)|secondary|Children can describe the characters and places mentioned in the rhyme with increasing detail. After singing, encourage children to add their own descriptive words about the song's characters, building oral language and vocabulary.
511|Raise Up Your Tiny Windows|Stories & Rhymes|184|Literacy & Phonics|Retell a familiar story with key details, in sequence (Gr 1)|primary|This traditional nursery rhyme tells a simple narrative that children can learn to retell in sequence. The rhyming pattern and repetitive structure support memory and story comprehension. Teachers can use picture cards to help children sequence events and retell the rhyme in their own words.
511|Raise Up Your Tiny Windows|Stories & Rhymes|185|Literacy & Phonics|Identify characters, settings, and major events in a story (Gr 1)|secondary|The song introduces characters (e.g., the Duke, Jenny Jones, Old Roger) and settings that children can identify and discuss. Use as a circle-time activity where children name who is in the song and what happens, building foundational story analysis skills.
511|Raise Up Your Tiny Windows|Stories & Rhymes|70|Literacy & Phonics|Describe people, places, things, and events with relevant details (Gr 1)|secondary|Children can describe the characters and places mentioned in the rhyme with increasing detail. After singing, encourage children to add their own descriptive words about the song's characters, building oral language and vocabulary.
514|Snowflakes|Stories & Rhymes|184|Literacy & Phonics|Retell a familiar story with key details, in sequence (Gr 1)|primary|This traditional nursery rhyme tells a simple story that children can learn to retell with key details. The predictable pattern and rhyming structure support memory and comprehension. Use during shared reading or circle time, having children join in on repeated phrases.
514|Snowflakes|Stories & Rhymes|70|Literacy & Phonics|Describe people, places, things, and events with relevant details (Gr 1)|secondary|Children can describe the characters, actions, and settings from this rhyme using relevant details from the lyrics. After singing, invite children to add their own descriptive words or draw a picture of what happens in the song.
517|Heigh Ho Halloweens Here|Stories & Rhymes|184|Literacy & Phonics|Retell a familiar story with key details, in sequence (Gr 1)|primary|This traditional nursery rhyme tells a simple story that children can learn to retell with key details. The predictable pattern and rhyming structure support memory and comprehension. Use during shared reading or circle time, having children join in on repeated phrases.
517|Heigh Ho Halloweens Here|Stories & Rhymes|70|Literacy & Phonics|Describe people, places, things, and events with relevant details (Gr 1)|secondary|Children can describe the characters, actions, and settings from this rhyme using relevant details from the lyrics. After singing, invite children to add their own descriptive words or draw a picture of what happens in the song.
519|Keeper of the Bees|Stories & Rhymes|184|Literacy & Phonics|Retell a familiar story with key details, in sequence (Gr 1)|primary|This traditional nursery rhyme tells a simple story that children can learn to retell with key details. The predictable pattern and rhyming structure support memory and comprehension. Use during shared reading or circle time, having children join in on repeated phrases.
519|Keeper of the Bees|Stories & Rhymes|70|Literacy & Phonics|Describe people, places, things, and events with relevant details (Gr 1)|secondary|Children can describe the characters, actions, and settings from this rhyme using relevant details from the lyrics. After singing, invite children to add their own descriptive words or draw a picture of what happens in the song.
520|What will we Do|Stories & Rhymes|184|Literacy & Phonics|Retell a familiar story with key details, in sequence (Gr 1)|primary|This traditional nursery rhyme tells a simple story that children can learn to retell with key details. The predictable pattern and rhyming structure support memory and comprehension. Use during shared reading or circle time, having children join in on repeated phrases.
520|What will we Do|Stories & Rhymes|70|Literacy & Phonics|Describe people, places, things, and events with relevant details (Gr 1)|secondary|Children can describe the characters, actions, and settings from this rhyme using relevant details from the lyrics. After singing, invite children to add their own descriptive words or draw a picture of what happens in the song.
529|Savez-vous planter des choux?|Stories & Rhymes|223|Language & Vocabulary|Participate in collaborative conversations (Gr 1)|primary|This French-language rhyme introduces children to a new language through song, building cross-cultural and linguistic awareness. The repetitive structure supports vocabulary acquisition. Use as a fun exposure activity during cultural exploration or French language introduction.
529|Savez-vous planter des choux?|Stories & Rhymes|226|Language & Vocabulary|Describe people, places, things, events (Gr 1)|secondary|The French vocabulary in this song (animals, body parts, actions) gives children new words to describe the world. Teachers can point to visuals while singing to build comprehension and encourage children to describe what they see in either language.
533|Le jardin|Stories & Rhymes|184|Literacy & Phonics|Retell a familiar story with key details, in sequence (Gr 1)|primary|This traditional nursery rhyme tells a simple narrative that children can learn to retell in sequence. The rhyming pattern and repetitive structure support memory and story comprehension. Teachers can use picture cards to help children sequence events and retell the rhyme in their own words.
533|Le jardin|Stories & Rhymes|185|Literacy & Phonics|Identify characters, settings, and major events in a story (Gr 1)|secondary|The song introduces characters (e.g., the Duke, Jenny Jones, Old Roger) and settings that children can identify and discuss. Use as a circle-time activity where children name who is in the song and what happens, building foundational story analysis skills.
533|Le jardin|Stories & Rhymes|70|Literacy & Phonics|Describe people, places, things, and events with relevant details (Gr 1)|secondary|Children can describe the characters and places mentioned in the rhyme with increasing detail. After singing, encourage children to add their own descriptive words about the song's characters, building oral language and vocabulary.
533|Le jardin|Stories & Rhymes|223|Language & Vocabulary|Participate in collaborative conversations (Gr 1)|primary|This French-language rhyme introduces children to a new language through song, building cross-cultural and linguistic awareness. The repetitive structure supports vocabulary acquisition. Use as a fun exposure activity during cultural exploration or French language introduction.
533|Le jardin|Stories & Rhymes|226|Language & Vocabulary|Describe people, places, things, events (Gr 1)|secondary|The French vocabulary in this song (animals, body parts, actions) gives children new words to describe the world. Teachers can point to visuals while singing to build comprehension and encourage children to describe what they see in either language.
535|Trotte, trotte|Stories & Rhymes|223|Language & Vocabulary|Participate in collaborative conversations (Gr 1)|primary|This French-language rhyme introduces children to a new language through song, building cross-cultural and linguistic awareness. The repetitive structure supports vocabulary acquisition. Use as a fun exposure activity during cultural exploration or French language introduction.
535|Trotte, trotte|Stories & Rhymes|226|Language & Vocabulary|Describe people, places, things, events (Gr 1)|secondary|The French vocabulary in this song (animals, body parts, actions) gives children new words to describe the world. Teachers can point to visuals while singing to build comprehension and encourage children to describe what they see in either language.
536|La laine des moutons|Stories & Rhymes|184|Literacy & Phonics|Retell a familiar story with key details, in sequence (Gr 1)|primary|This traditional nursery rhyme tells a simple narrative that children can learn to retell in sequence. The rhyming pattern and repetitive structure support memory and story comprehension. Teachers can use picture cards to help children sequence events and retell the rhyme in their own words.
536|La laine des moutons|Stories & Rhymes|185|Literacy & Phonics|Identify characters, settings, and major events in a story (Gr 1)|secondary|The song introduces characters (e.g., the Duke, Jenny Jones, Old Roger) and settings that children can identify and discuss. Use as a circle-time activity where children name who is in the song and what happens, building foundational story analysis skills.
536|La laine des moutons|Stories & Rhymes|70|Literacy & Phonics|Describe people, places, things, and events with relevant details (Gr 1)|secondary|Children can describe the characters and places mentioned in the rhyme with increasing detail. After singing, encourage children to add their own descriptive words about the song's characters, building oral language and vocabulary.
536|La laine des moutons|Stories & Rhymes|223|Language & Vocabulary|Participate in collaborative conversations (Gr 1)|primary|This French-language rhyme introduces children to a new language through song, building cross-cultural and linguistic awareness. The repetitive structure supports vocabulary acquisition. Use as a fun exposure activity during cultural exploration or French language introduction.
536|La laine des moutons|Stories & Rhymes|226|Language & Vocabulary|Describe people, places, things, events (Gr 1)|secondary|The French vocabulary in this song (animals, body parts, actions) gives children new words to describe the world. Teachers can point to visuals while singing to build comprehension and encourage children to describe what they see in either language.
538|Pomme de reinette|Stories & Rhymes|184|Literacy & Phonics|Retell a familiar story with key details, in sequence (Gr 1)|primary|This traditional nursery rhyme tells a simple narrative that children can learn to retell in sequence. The rhyming pattern and repetitive structure support memory and story comprehension. Teachers can use picture cards to help children sequence events and retell the rhyme in their own words.
538|Pomme de reinette|Stories & Rhymes|185|Literacy & Phonics|Identify characters, settings, and major events in a story (Gr 1)|secondary|The song introduces characters (e.g., the Duke, Jenny Jones, Old Roger) and settings that children can identify and discuss. Use as a circle-time activity where children name who is in the song and what happens, building foundational story analysis skills.
538|Pomme de reinette|Stories & Rhymes|70|Literacy & Phonics|Describe people, places, things, and events with relevant details (Gr 1)|secondary|Children can describe the characters and places mentioned in the rhyme with increasing detail. After singing, encourage children to add their own descriptive words about the song's characters, building oral language and vocabulary.
538|Pomme de reinette|Stories & Rhymes|223|Language & Vocabulary|Participate in collaborative conversations (Gr 1)|primary|This French-language rhyme introduces children to a new language through song, building cross-cultural and linguistic awareness. The repetitive structure supports vocabulary acquisition. Use as a fun exposure activity during cultural exploration or French language introduction.
538|Pomme de reinette|Stories & Rhymes|226|Language & Vocabulary|Describe people, places, things, events (Gr 1)|secondary|The French vocabulary in this song (animals, body parts, actions) gives children new words to describe the world. Teachers can point to visuals while singing to build comprehension and encourage children to describe what they see in either language.
539|J'enroule|Stories & Rhymes|223|Language & Vocabulary|Participate in collaborative conversations (Gr 1)|primary|This French-language rhyme introduces children to a new language through song, building cross-cultural and linguistic awareness. The repetitive structure supports vocabulary acquisition. Use as a fun exposure activity during cultural exploration or French language introduction.
539|J'enroule|Stories & Rhymes|226|Language & Vocabulary|Describe people, places, things, events (Gr 1)|secondary|The French vocabulary in this song (animals, body parts, actions) gives children new words to describe the world. Teachers can point to visuals while singing to build comprehension and encourage children to describe what they see in either language.
540|Tape tape tape|Stories & Rhymes|223|Language & Vocabulary|Participate in collaborative conversations (Gr 1)|primary|This French-language rhyme introduces children to a new language through song, building cross-cultural and linguistic awareness. The repetitive structure supports vocabulary acquisition. Use as a fun exposure activity during cultural exploration or French language introduction.
540|Tape tape tape|Stories & Rhymes|226|Language & Vocabulary|Describe people, places, things, events (Gr 1)|secondary|The French vocabulary in this song (animals, body parts, actions) gives children new words to describe the world. Teachers can point to visuals while singing to build comprehension and encourage children to describe what they see in either language.
541|Faire de la gomme|Stories & Rhymes|223|Language & Vocabulary|Participate in collaborative conversations (Gr 1)|primary|This French-language rhyme introduces children to a new language through song, building cross-cultural and linguistic awareness. The repetitive structure supports vocabulary acquisition. Use as a fun exposure activity during cultural exploration or French language introduction.
541|Faire de la gomme|Stories & Rhymes|226|Language & Vocabulary|Describe people, places, things, events (Gr 1)|secondary|The French vocabulary in this song (animals, body parts, actions) gives children new words to describe the world. Teachers can point to visuals while singing to build comprehension and encourage children to describe what they see in either language.
542|Le chien dans l'ecole|Stories & Rhymes|184|Literacy & Phonics|Retell a familiar story with key details, in sequence (Gr 1)|primary|This traditional nursery rhyme tells a simple narrative that children can learn to retell in sequence. The rhyming pattern and repetitive structure support memory and story comprehension. Teachers can use picture cards to help children sequence events and retell the rhyme in their own words.
542|Le chien dans l'ecole|Stories & Rhymes|185|Literacy & Phonics|Identify characters, settings, and major events in a story (Gr 1)|secondary|The song introduces characters (e.g., the Duke, Jenny Jones, Old Roger) and settings that children can identify and discuss. Use as a circle-time activity where children name who is in the song and what happens, building foundational story analysis skills.
542|Le chien dans l'ecole|Stories & Rhymes|70|Literacy & Phonics|Describe people, places, things, and events with relevant details (Gr 1)|secondary|Children can describe the characters and places mentioned in the rhyme with increasing detail. After singing, encourage children to add their own descriptive words about the song's characters, building oral language and vocabulary.
542|Le chien dans l'ecole|Stories & Rhymes|223|Language & Vocabulary|Participate in collaborative conversations (Gr 1)|primary|This French-language rhyme introduces children to a new language through song, building cross-cultural and linguistic awareness. The repetitive structure supports vocabulary acquisition. Use as a fun exposure activity during cultural exploration or French language introduction.
542|Le chien dans l'ecole|Stories & Rhymes|226|Language & Vocabulary|Describe people, places, things, events (Gr 1)|secondary|The French vocabulary in this song (animals, body parts, actions) gives children new words to describe the world. Teachers can point to visuals while singing to build comprehension and encourage children to describe what they see in either language.
543|Petit poisson|Stories & Rhymes|184|Literacy & Phonics|Retell a familiar story with key details, in sequence (Gr 1)|primary|This traditional nursery rhyme tells a simple narrative that children can learn to retell in sequence. The rhyming pattern and repetitive structure support memory and story comprehension. Teachers can use picture cards to help children sequence events and retell the rhyme in their own words.
543|Petit poisson|Stories & Rhymes|185|Literacy & Phonics|Identify characters, settings, and major events in a story (Gr 1)|secondary|The song introduces characters (e.g., the Duke, Jenny Jones, Old Roger) and settings that children can identify and discuss. Use as a circle-time activity where children name who is in the song and what happens, building foundational story analysis skills.
543|Petit poisson|Stories & Rhymes|70|Literacy & Phonics|Describe people, places, things, and events with relevant details (Gr 1)|secondary|Children can describe the characters and places mentioned in the rhyme with increasing detail. After singing, encourage children to add their own descriptive words about the song's characters, building oral language and vocabulary.
543|Petit poisson|Stories & Rhymes|223|Language & Vocabulary|Participate in collaborative conversations (Gr 1)|primary|This French-language rhyme introduces children to a new language through song, building cross-cultural and linguistic awareness. The repetitive structure supports vocabulary acquisition. Use as a fun exposure activity during cultural exploration or French language introduction.
543|Petit poisson|Stories & Rhymes|226|Language & Vocabulary|Describe people, places, things, events (Gr 1)|secondary|The French vocabulary in this song (animals, body parts, actions) gives children new words to describe the world. Teachers can point to visuals while singing to build comprehension and encourage children to describe what they see in either language.
547|Doigts colles|Stories & Rhymes|184|Literacy & Phonics|Retell a familiar story with key details, in sequence (Gr 1)|primary|This traditional nursery rhyme tells a simple narrative that children can learn to retell in sequence. The rhyming pattern and repetitive structure support memory and story comprehension. Teachers can use picture cards to help children sequence events and retell the rhyme in their own words.
547|Doigts colles|Stories & Rhymes|185|Literacy & Phonics|Identify characters, settings, and major events in a story (Gr 1)|secondary|The song introduces characters (e.g., the Duke, Jenny Jones, Old Roger) and settings that children can identify and discuss. Use as a circle-time activity where children name who is in the song and what happens, building foundational story analysis skills.
547|Doigts colles|Stories & Rhymes|70|Literacy & Phonics|Describe people, places, things, and events with relevant details (Gr 1)|secondary|Children can describe the characters and places mentioned in the rhyme with increasing detail. After singing, encourage children to add their own descriptive words about the song's characters, building oral language and vocabulary.
547|Doigts colles|Stories & Rhymes|223|Language & Vocabulary|Participate in collaborative conversations (Gr 1)|primary|This French-language rhyme introduces children to a new language through song, building cross-cultural and linguistic awareness. The repetitive structure supports vocabulary acquisition. Use as a fun exposure activity during cultural exploration or French language introduction.
547|Doigts colles|Stories & Rhymes|226|Language & Vocabulary|Describe people, places, things, events (Gr 1)|secondary|The French vocabulary in this song (animals, body parts, actions) gives children new words to describe the world. Teachers can point to visuals while singing to build comprehension and encourage children to describe what they see in either language.
549|Tout la-haut|Stories & Rhymes|184|Literacy & Phonics|Retell a familiar story with key details, in sequence (Gr 1)|primary|This traditional nursery rhyme tells a simple narrative that children can learn to retell in sequence. The rhyming pattern and repetitive structure support memory and story comprehension. Teachers can use picture cards to help children sequence events and retell the rhyme in their own words.
549|Tout la-haut|Stories & Rhymes|185|Literacy & Phonics|Identify characters, settings, and major events in a story (Gr 1)|secondary|The song introduces characters (e.g., the Duke, Jenny Jones, Old Roger) and settings that children can identify and discuss. Use as a circle-time activity where children name who is in the song and what happens, building foundational story analysis skills.
549|Tout la-haut|Stories & Rhymes|70|Literacy & Phonics|Describe people, places, things, and events with relevant details (Gr 1)|secondary|Children can describe the characters and places mentioned in the rhyme with increasing detail. After singing, encourage children to add their own descriptive words about the song's characters, building oral language and vocabulary.
549|Tout la-haut|Stories & Rhymes|223|Language & Vocabulary|Participate in collaborative conversations (Gr 1)|primary|This French-language rhyme introduces children to a new language through song, building cross-cultural and linguistic awareness. The repetitive structure supports vocabulary acquisition. Use as a fun exposure activity during cultural exploration or French language introduction.
549|Tout la-haut|Stories & Rhymes|226|Language & Vocabulary|Describe people, places, things, events (Gr 1)|secondary|The French vocabulary in this song (animals, body parts, actions) gives children new words to describe the world. Teachers can point to visuals while singing to build comprehension and encourage children to describe what they see in either language.
550|Michaud|Stories & Rhymes|223|Language & Vocabulary|Participate in collaborative conversations (Gr 1)|primary|This French-language rhyme introduces children to a new language through song, building cross-cultural and linguistic awareness. The repetitive structure supports vocabulary acquisition. Use as a fun exposure activity during cultural exploration or French language introduction.
550|Michaud|Stories & Rhymes|226|Language & Vocabulary|Describe people, places, things, events (Gr 1)|secondary|The French vocabulary in this song (animals, body parts, actions) gives children new words to describe the world. Teachers can point to visuals while singing to build comprehension and encourage children to describe what they see in either language.
557|Jean Petit qui danse|Stories & Rhymes|184|Literacy & Phonics|Retell a familiar story with key details, in sequence (Gr 1)|primary|This traditional nursery rhyme tells a simple narrative that children can learn to retell in sequence. The rhyming pattern and repetitive structure support memory and story comprehension. Teachers can use picture cards to help children sequence events and retell the rhyme in their own words.
557|Jean Petit qui danse|Stories & Rhymes|185|Literacy & Phonics|Identify characters, settings, and major events in a story (Gr 1)|secondary|The song introduces characters (e.g., the Duke, Jenny Jones, Old Roger) and settings that children can identify and discuss. Use as a circle-time activity where children name who is in the song and what happens, building foundational story analysis skills.
557|Jean Petit qui danse|Stories & Rhymes|70|Literacy & Phonics|Describe people, places, things, and events with relevant details (Gr 1)|secondary|Children can describe the characters and places mentioned in the rhyme with increasing detail. After singing, encourage children to add their own descriptive words about the song's characters, building oral language and vocabulary.
557|Jean Petit qui danse|Stories & Rhymes|223|Language & Vocabulary|Participate in collaborative conversations (Gr 1)|primary|This French-language rhyme introduces children to a new language through song, building cross-cultural and linguistic awareness. The repetitive structure supports vocabulary acquisition. Use as a fun exposure activity during cultural exploration or French language introduction.
557|Jean Petit qui danse|Stories & Rhymes|226|Language & Vocabulary|Describe people, places, things, events (Gr 1)|secondary|The French vocabulary in this song (animals, body parts, actions) gives children new words to describe the world. Teachers can point to visuals while singing to build comprehension and encourage children to describe what they see in either language.
558|Le chien de ma tante|Stories & Rhymes|184|Literacy & Phonics|Retell a familiar story with key details, in sequence (Gr 1)|primary|This traditional nursery rhyme tells a simple narrative that children can learn to retell in sequence. The rhyming pattern and repetitive structure support memory and story comprehension. Teachers can use picture cards to help children sequence events and retell the rhyme in their own words.
558|Le chien de ma tante|Stories & Rhymes|185|Literacy & Phonics|Identify characters, settings, and major events in a story (Gr 1)|secondary|The song introduces characters (e.g., the Duke, Jenny Jones, Old Roger) and settings that children can identify and discuss. Use as a circle-time activity where children name who is in the song and what happens, building foundational story analysis skills.
558|Le chien de ma tante|Stories & Rhymes|70|Literacy & Phonics|Describe people, places, things, and events with relevant details (Gr 1)|secondary|Children can describe the characters and places mentioned in the rhyme with increasing detail. After singing, encourage children to add their own descriptive words about the song's characters, building oral language and vocabulary.
558|Le chien de ma tante|Stories & Rhymes|223|Language & Vocabulary|Participate in collaborative conversations (Gr 1)|primary|This French-language rhyme introduces children to a new language through song, building cross-cultural and linguistic awareness. The repetitive structure supports vocabulary acquisition. Use as a fun exposure activity during cultural exploration or French language introduction.
558|Le chien de ma tante|Stories & Rhymes|226|Language & Vocabulary|Describe people, places, things, events (Gr 1)|secondary|The French vocabulary in this song (animals, body parts, actions) gives children new words to describe the world. Teachers can point to visuals while singing to build comprehension and encourage children to describe what they see in either language.
